Date,Time,Ax,Ay,Az,Gx,Gy,Gz
2025-02-07,00:00:01,-0.02,0.02,1.00,0.06,0.00,-0.79
2025-02-07,00:00:02,-0.02,0.02,1.00,0.06,0.00,-0.73
2025-02-07,00:00:02,-0.02,0.02,1.00,0.06,-0.06,-0.79
2025-02-07,00:00:03,-0.02,0.02,1.00,0.12,0.06,-0.73
2025-02-07,00:00:03,-0.02,0.02,1.00,0.12,0.06,-0.79
2025-02-07,00:00:04,-0.02,0.02,1.00,0.06,0.00,-0.79
2025-02-07,00:00:04,-0.02,0.02,1.00,0.06,0.00,-0.73
2025-02-07,00:00:05,-0.02,0.02,1.00,0.06,-0.06,-0.73
2025-02-07,00:00:05,-0.02,0.02,1.00,0.06,0.06,-0.79
2025-02-07,00:00:06,-0.02,0.02,1.00,0.12,0.06,-0.73
2025-02-07,00:00:06,-0.02,0.02,1.00,0.06,-0.06,-0.73
2025-02-07,00:00:07,-0.02,0.02,1.00,0.06,0.00,-0.79
2025-02-07,00:00:07,-0.28,0.54,0.92,-13.92,7.45,-33.20
2025-02-07,00:00:08,0.14,3.51,-2.85,-34.12,28.63,16.30
2025-02-07,00:00:08,-0.46,3.93,-2.50,-42.30,-94.36,-220.46
2025-02-07,00:00:09,-0.18,-0.28,1.70,81.24,-151.00,-103.09
2025-02-07,00:00:09,-0.59,-2.85,2.92,-20.69,130.49,142.64
2025-02-07,00:00:10,-0.73,0.16,0.43,81.18,24.90,-10.56
2025-02-07,00:00:10,0.05,0.05,-0.53,-140.75,-247.74,208.31
2025-02-07,00:00:11,0.16,0.68,-0.37,55.30,76.84,220.28
2025-02-07,00:00:11,0.58,0.34,-0.94,-130.19,-32.59,67.57
2025-02-07,00:00:12,0.44,0.60,-0.65,-71.04,-27.59,103.82
2025-02-07,00:00:12,0.24,1.21,-0.64,-73.00,-38.88,87.65
2025-02-07,00:00:13,0.30,1.30,-0.75,-87.71,-122.74,80.26
2025-02-07,00:00:13,-0.06,2.06,-0.56,-87.89,-128.97,103.82
2025-02-07,00:00:14,-0.51,1.39,0.10,-131.71,-86.30,54.02
2025-02-07,00:00:14,-2.76,1.13,0.35,-55.97,-44.98,-18.55
2025-02-07,00:00:15,-0.08,1.01,0.73,-26.12,-75.87,-181.88
2025-02-07,00:00:15,2.41,0.00,3.65,45.78,-199.16,-72.88
2025-02-07,00:00:16,0.30,1.00,0.13,92.59,165.28,-30.58
2025-02-07,00:00:16,0.29,2.19,0.33,-63.23,-14.53,-208.44
2025-02-07,00:00:17,0.93,-0.93,1.76,145.32,98.02,-336.73
2025-02-07,00:00:17,0.78,-3.09,1.29,36.56,13.98,-108.52
2025-02-07,00:00:18,-0.18,-0.30,1.08,53.22,-147.83,-86.30
2025-02-07,00:00:18,-0.05,0.10,0.96,-1.95,-5.43,-90.21
2025-02-07,00:00:19,-0.01,0.02,1.00,0.06,-0.12,-0.79
2025-02-07,00:00:19,-0.01,0.02,1.00,0.06,-0.06,-0.79
2025-02-07,00:00:20,-0.01,0.02,1.00,0.12,0.12,-0.73
2025-02-07,00:00:20,-0.01,0.02,1.00,0.06,0.06,-0.73
2025-02-07,00:00:21,-0.01,0.02,1.00,0.06,0.00,-0.79
2025-02-07,00:00:21,-0.01,0.02,1.00,0.18,0.00,-0.79
2025-02-07,00:00:22,-0.01,0.02,1.00,0.06,0.00,-0.79
2025-02-07,00:00:22,-0.01,0.02,1.00,0.12,0.00,-0.79
2025-02-07,00:00:23,-0.01,0.01,1.00,0.24,-0.12,-0.79
2025-02-07,00:00:23,-0.01,0.02,1.00,0.06,0.00,-0.73
2025-02-07,00:00:24,-0.01,0.02,1.00,0.06,0.00,-0.73
2025-02-07,00:00:24,-0.01,0.02,1.00,0.18,0.00,-0.79
2025-02-07,00:00:25,-0.01,0.02,1.00,0.06,0.00,-0.73
2025-02-07,00:00:25,-0.01,0.02,1.00,0.06,0.00,-0.79
2025-02-07,00:00:26,-0.01,0.02,1.00,0.06,0.00,-0.73
2025-02-07,00:00:26,-0.01,0.02,1.00,0.12,0.06,-0.73
2025-02-07,00:00:27,-0.01,0.02,1.00,0.00,0.00,-0.73
2025-02-07,00:00:27,-0.01,0.02,1.00,0.06,0.00,-0.79
2025-02-07,00:00:28,-0.01,0.02,1.00,0.18,-0.12,-0.79
2025-02-07,00:00:28,-0.01,0.02,1.00,0.06,0.00,-0.79
2025-02-07,00:00:29,-0.01,0.02,1.00,0.06,-0.06,-0.73
2025-02-07,00:00:29,-0.01,0.02,1.00,0.12,-0.06,-0.73
2025-02-07,00:00:30,-0.01,0.02,1.00,0.06,0.00,-0.73
2025-02-07,00:00:30,-0.01,0.02,1.00,0.12,0.00,-0.79
2025-02-07,00:00:31,-0.01,0.02,1.00,0.06,-0.18,-0.79
2025-02-07,00:00:31,-0.01,0.02,1.00,0.06,-0.06,-0.79
2025-02-07,00:00:32,-0.01,0.02,1.00,0.06,0.00,-0.73
2025-02-07,00:00:32,-0.01,0.02,1.00,0.06,0.00,-0.73
2025-02-07,00:00:33,-0.01,0.02,1.00,0.12,-0.06,-0.73
2025-02-07,00:00:33,-0.01,0.02,1.00,0.06,0.00,-0.79
2025-02-07,00:00:34,-0.01,0.02,1.00,0.06,0.00,-0.79
2025-02-07,00:00:34,-0.01,0.02,1.00,0.12,0.06,-0.73
2025-02-07,00:00:35,-0.01,0.02,1.00,0.18,0.00,-0.73
2025-02-07,00:00:35,-0.01,0.02,1.00,-0.06,0.06,-0.79
2025-02-07,00:00:36,-0.01,0.02,1.00,0.00,0.00,-0.79
2025-02-07,00:00:36,-0.01,0.02,1.00,0.06,0.00,-0.79
2025-02-07,00:00:37,-0.01,0.02,1.00,0.12,0.00,-0.79
2025-02-07,00:00:37,-0.01,0.02,1.00,0.06,0.00,-0.79
2025-02-07,00:00:38,-0.01,0.02,1.00,0.18,0.00,-0.73
2025-02-07,00:00:38,-0.01,0.02,1.00,0.00,0.00,-0.79
2025-02-07,00:00:39,-0.02,0.02,1.00,0.06,-0.06,-0.79
2025-02-07,00:00:39,-0.01,0.02,1.00,0.12,0.00,-0.79
2025-02-07,00:00:40,-0.01,0.02,1.00,0.06,-0.06,-0.79
2025-02-07,00:00:40,-0.01,0.02,1.00,0.06,-0.06,-0.73
2025-02-07,00:00:41,-0.01,0.02,1.00,0.06,0.00,-0.79
2025-02-07,00:00:41,-0.01,0.02,1.00,0.06,0.00,-0.79
2025-02-07,00:00:42,-0.01,0.02,1.01,0.00,-0.18,-0.85
2025-02-07,00:00:42,-0.02,0.02,1.00,0.18,0.00,-0.79
2025-02-07,00:00:43,-0.01,0.02,1.00,0.06,-0.06,-0.73
2025-02-07,00:00:43,-0.01,0.02,1.00,0.00,0.00,-0.79
2025-02-07,00:00:44,-0.01,0.02,1.00,0.12,0.00,-0.79
2025-02-07,00:00:44,-0.01,0.02,1.00,0.49,-0.12,-0.79
2025-02-07,00:00:45,-0.01,0.01,1.00,0.18,0.00,-0.79
2025-02-07,00:00:45,-0.01,0.02,1.00,0.06,0.00,-0.79
2025-02-07,00:00:46,-0.02,0.02,1.00,0.12,0.18,-0.61
2025-02-07,00:00:46,-0.02,0.03,1.00,-0.31,0.00,-0.79
2025-02-07,00:00:47,-0.34,0.00,0.51,47.97,-10.25,-83.01
2025-02-07,00:00:47,-0.54,0.23,0.97,-17.27,-11.35,17.76
2025-02-07,00:00:48,-0.87,0.03,0.86,32.47,-0.31,15.63
2025-02-07,00:00:48,-0.22,0.34,0.98,-20.02,97.60,152.28
2025-02-07,00:00:49,-1.42,0.42,1.11,-27.77,45.72,165.95
2025-02-07,00:00:49,-1.95,0.50,0.80,-3.23,65.80,126.10
2025-02-07,00:00:50,-2.43,0.96,0.90,-17.70,34.79,117.37
2025-02-07,00:00:50,-3.20,1.48,0.49,4.70,17.52,9.95
2025-02-07,00:00:51,-2.14,1.28,0.41,-8.36,-3.60,-157.47
2025-02-07,00:00:51,-0.50,0.75,0.39,-29.36,13.00,-225.95
2025-02-07,00:00:52,1.88,-0.74,0.67,23.99,-34.42,-140.26
2025-02-07,00:00:52,1.89,-0.85,1.34,4.21,0.61,206.91
2025-02-07,00:00:53,1.34,-1.60,1.32,24.54,-29.17,54.87
2025-02-07,00:00:53,0.79,-1.39,1.02,57.80,-79.47,-230.71
2025-02-07,00:00:54,-1.23,0.57,0.56,-26.12,-82.46,-189.76
2025-02-07,00:00:54,0.64,0.86,0.80,-31.80,45.65,122.50
2025-02-07,00:00:55,-1.13,0.93,0.82,-10.68,-14.22,-72.63
2025-02-07,00:00:55,0.82,-0.97,1.03,31.49,27.28,31.19
2025-02-07,00:00:56,-1.22,1.30,0.20,-9.03,-10.31,-22.46
2025-02-07,00:00:56,1.32,-1.26,1.75,-25.51,48.28,-8.48
2025-02-07,00:00:57,-0.85,1.56,0.29,-39.00,-23.50,-22.16
2025-02-07,00:00:57,0.61,-0.77,1.61,26.49,-6.59,-16.54
2025-02-07,00:00:58,-1.28,1.96,-0.16,-25.70,26.79,49.38
2025-02-07,00:00:58,0.58,-1.27,2.21,9.64,3.42,-57.92
2025-02-07,00:00:59,-1.08,1.68,0.30,-34.36,22.34,34.06
2025-02-07,00:00:59,0.33,-1.24,2.28,22.22,-39.98,-123.66
2025-02-07,00:01:00,-1.29,1.83,0.16,-29.91,74.22,104.37
2025-02-07,00:01:00,-0.41,0.47,1.08,3.48,-16.54,-57.86
2025-02-07,00:01:01,-0.05,0.39,0.72,-1.40,-68.54,26.49
2025-02-07,00:01:01,-0.10,0.27,0.84,-13.73,-0.61,-9.22
2025-02-07,00:01:02,-0.03,0.02,1.00,-2.26,-0.06,-0.79
2025-02-07,00:01:02,-0.02,0.02,1.01,3.91,0.00,-0.67
2025-02-07,00:01:03,-0.00,0.01,1.01,-4.09,0.00,-0.79
2025-02-07,00:01:04,-0.01,0.02,1.00,-3.72,0.00,-0.85
2025-02-07,00:01:04,-0.01,0.03,0.99,-0.55,0.00,-0.73
2025-02-07,00:01:05,-0.02,0.03,1.00,0.98,0.00,-0.73
2025-02-07,00:01:05,-0.01,0.02,1.00,0.49,0.00,-0.79
2025-02-07,00:01:06,-0.01,0.02,1.00,0.06,-0.06,-0.73
2025-02-07,00:01:06,-0.01,0.02,1.00,-0.06,0.00,-0.79
2025-02-07,00:01:07,-0.01,0.03,1.00,0.06,0.00,-0.79
2025-02-07,00:01:07,-0.01,0.03,1.00,0.00,0.00,-0.79
2025-02-07,00:01:08,-0.01,0.03,1.00,0.06,0.00,-0.73
2025-02-07,00:01:08,-0.01,0.03,1.00,0.12,0.00,-0.73
2025-02-07,00:01:09,-0.01,0.02,1.00,0.12,0.00,-0.79
2025-02-07,00:01:09,-0.01,0.03,1.00,0.06,0.00,-0.73
2025-02-07,00:01:10,0.03,0.14,1.43,57.62,60.12,-35.22
2025-02-07,00:01:10,-0.31,0.06,0.79,41.02,-67.14,17.64
2025-02-07,00:01:11,0.02,0.18,1.38,-39.00,31.62,20.08
2025-02-07,00:01:11,0.12,0.09,-0.97,40.16,-82.95,8.48
2025-02-07,00:01:12,-0.83,0.31,3.05,102.97,-9.46,35.71
2025-02-07,00:01:12,-0.06,0.27,1.80,-77.70,90.15,-30.88
2025-02-07,00:01:13,0.54,-0.07,-1.73,28.14,32.90,-8.48
2025-02-07,00:01:13,-1.61,0.58,4.00,36.50,-72.75,-0.85
2025-02-07,00:01:14,0.61,0.32,-0.70,-89.29,65.80,-38.76
2025-02-07,00:01:14,-0.08,0.40,0.41,88.99,-104.86,21.91
2025-02-07,00:01:15,-0.62,0.37,1.96,-14.95,40.47,-1.89
2025-02-07,00:01:15,0.95,-0.96,1.43,30.21,46.14,54.38
2025-02-07,00:01:16,0.03,0.15,0.82,-32.53,3.91,29.72
2025-02-07,00:01:16,0.27,0.38,0.99,30.40,-39.43,-102.54
2025-02-07,00:01:17,-0.49,-0.58,1.45,-18.49,49.62,-72.02
2025-02-07,00:01:17,0.25,0.84,0.73,-123.54,11.41,-75.26
2025-02-07,00:01:18,-0.21,0.05,0.79,88.01,-1.59,161.68
2025-02-07,00:01:18,0.09,-1.23,0.92,-6.59,72.02,-121.70
2025-02-07,00:01:19,0.01,1.20,0.91,-61.40,-17.88,-7.87
2025-02-07,00:01:19,-0.13,-0.01,1.08,-16.17,-25.94,20.26
2025-02-07,00:01:20,0.12,0.03,-0.52,17.88,55.97,2.26
2025-02-07,00:01:20,0.33,-0.00,-0.09,-17.03,101.75,-11.23
2025-02-07,00:01:21,0.12,0.08,0.61,-3.42,107.36,-30.03
2025-02-07,00:01:21,-0.74,0.04,1.06,14.40,26.73,10.93
2025-02-07,00:01:22,-1.21,0.09,0.99,21.97,133.06,58.65
2025-02-07,00:01:22,-0.46,0.23,0.78,-11.90,45.17,59.88
2025-02-07,00:01:23,-0.19,-0.02,1.01,-1.10,6.47,-5.80
2025-02-07,00:01:23,-0.05,0.04,1.05,11.78,1.40,-0.24
2025-02-07,00:01:24,-0.17,0.13,0.94,17.88,19.90,1.04
2025-02-07,00:01:24,0.02,0.09,0.96,-1.10,-8.06,3.78
2025-02-07,00:01:25,0.06,0.05,0.96,-1.22,5.25,-21.30
2025-02-07,00:01:25,0.03,0.02,1.00,0.06,0.24,-0.85
2025-02-07,00:01:26,0.03,0.02,1.00,0.06,0.24,-0.92
2025-02-07,00:01:26,0.02,0.02,1.00,0.06,0.06,-0.79
2025-02-07,00:01:27,0.02,0.02,1.00,0.06,0.06,-0.79
2025-02-07,00:01:27,0.02,0.02,1.00,0.06,0.00,-0.79
2025-02-07,00:01:28,0.01,0.02,1.00,0.12,0.00,-0.85
2025-02-07,00:01:28,0.01,0.02,1.00,0.06,-0.06,-0.79
2025-02-07,00:01:29,0.02,0.01,1.00,0.06,0.06,-0.85
2025-02-07,00:01:29,0.01,0.02,1.00,0.06,0.00,-0.79
2025-02-07,00:01:30,0.01,0.02,1.00,0.06,0.00,-0.73
2025-02-07,00:01:30,0.01,0.02,1.00,0.06,0.00,-0.79
2025-02-07,00:01:31,0.01,0.02,1.00,0.06,-0.06,-0.73
2025-02-07,00:01:31,0.01,0.02,1.00,0.12,-0.06,-0.73
2025-02-07,00:01:32,0.01,0.02,1.00,0.06,0.00,-0.79
2025-02-07,00:01:32,0.01,0.02,1.00,0.06,0.00,-0.73
2025-02-07,00:01:33,0.01,0.02,1.00,0.06,0.00,-0.79
2025-02-07,00:01:33,0.01,0.02,1.00,0.06,0.00,-0.79
2025-02-07,00:01:34,0.01,0.02,1.00,0.06,0.00,-0.79
2025-02-07,00:01:34,0.01,0.02,1.00,0.06,0.00,-0.73
2025-02-07,00:01:35,0.01,0.02,1.00,0.06,0.00,-0.79
2025-02-07,00:01:35,0.01,0.02,1.00,0.06,0.00,-0.79
2025-02-07,00:01:36,0.01,0.02,1.00,0.06,0.00,-0.79
2025-02-07,00:01:36,0.01,0.02,1.00,0.00,0.92,-1.83
2025-02-07,00:01:37,0.01,0.02,1.00,0.06,0.00,-0.79
2025-02-07,00:01:37,0.01,0.02,1.00,0.06,0.00,-0.73
2025-02-07,00:01:38,0.02,0.02,1.00,0.06,0.00,-0.85
2025-02-07,00:01:38,0.01,0.01,1.00,0.06,0.12,-0.67
2025-02-07,00:01:39,0.01,0.02,1.00,0.06,0.00,-0.73
2025-02-07,00:01:39,0.01,0.02,1.00,0.06,0.00,-0.79
2025-02-07,00:01:40,0.01,0.02,1.00,0.12,-0.06,-0.73
2025-02-07,00:01:40,0.01,0.02,1.00,0.06,0.00,-0.79
2025-02-07,00:01:41,0.01,0.02,1.00,0.12,0.00,-0.73
2025-02-07,00:01:41,0.01,0.02,1.00,0.12,0.00,-0.73
2025-02-07,00:01:42,0.01,0.02,1.00,0.06,0.00,-0.73
2025-02-07,00:01:42,0.01,0.01,1.00,0.06,0.00,-0.73
2025-02-07,00:01:43,0.01,0.02,1.00,0.06,0.00,-0.79
2025-02-07,00:01:43,0.01,0.02,1.00,0.12,0.00,-0.73
2025-02-07,00:01:44,0.01,0.02,1.00,0.06,0.00,-0.79
2025-02-07,00:01:44,0.01,0.02,1.00,0.06,-0.06,-0.73
2025-02-07,00:01:45,0.01,0.02,1.00,0.06,0.00,-0.79
2025-02-07,00:01:45,0.01,0.02,1.00,0.06,0.00,-0.79
2025-02-07,00:01:46,0.01,0.02,1.00,0.06,0.00,-0.79
2025-02-07,00:01:46,0.01,0.02,1.00,0.06,0.00,-0.79
2025-02-07,00:01:47,0.01,0.02,1.00,0.06,0.00,-0.79
2025-02-07,00:01:47,0.01,0.02,1.00,0.06,0.00,-0.73
2025-02-07,00:01:48,0.01,0.02,1.00,0.06,-0.06,-0.73
2025-02-07,00:01:48,0.01,0.02,1.00,0.06,0.00,-0.73
2025-02-07,00:01:49,0.01,0.02,1.00,0.06,0.00,-0.79
2025-02-07,00:01:49,0.01,0.02,1.00,0.06,0.00,-0.79
2025-02-07,00:01:50,0.01,0.02,1.00,0.06,0.00,-0.79
2025-02-07,00:01:50,0.01,0.02,1.00,0.06,0.00,-0.73
2025-02-07,00:01:51,0.01,0.02,1.00,0.06,0.18,-0.79
2025-02-07,00:01:51,0.01,0.02,1.00,0.06,-0.06,-0.79
2025-02-07,00:01:52,0.01,0.02,1.00,0.06,0.00,-0.79
2025-02-07,00:01:52,0.01,0.02,1.00,0.06,-0.06,-0.79
2025-02-07,00:01:53,0.01,0.01,1.00,0.06,0.00,-0.73
2025-02-07,00:01:53,0.01,0.02,1.00,0.06,-0.06,-0.73
2025-02-07,00:01:54,0.01,0.02,1.00,0.06,0.00,-0.79
2025-02-07,00:01:54,0.01,0.02,1.00,0.12,0.00,-0.79
2025-02-07,00:01:55,0.01,0.02,1.00,0.06,0.00,-0.73
2025-02-07,00:01:55,0.01,0.02,1.00,0.06,-0.06,-0.73
2025-02-07,00:01:56,0.01,0.02,1.00,0.06,0.00,-0.73
2025-02-07,00:01:56,0.01,0.02,1.00,0.06,0.00,-0.73
2025-02-07,00:01:57,0.01,0.02,1.00,0.06,0.00,-0.79
2025-02-07,00:01:57,0.01,0.02,1.00,0.06,0.00,-0.73
2025-02-07,00:01:58,0.01,0.02,1.00,0.12,0.00,-0.73
2025-02-07,00:01:58,0.01,0.02,1.00,0.06,0.00,-0.79
2025-02-07,00:01:59,0.01,0.02,1.00,0.06,-0.06,-0.79
2025-02-07,00:01:59,0.01,0.02,1.00,0.06,-0.06,-0.73
2025-02-07,00:02:00,0.01,0.02,1.00,0.06,0.00,-0.79
2025-02-07,00:02:00,0.01,0.02,1.00,0.12,0.00,-0.79
2025-02-07,00:02:01,0.01,0.02,1.00,0.06,0.00,-0.73
2025-02-07,00:02:01,0.01,0.02,1.00,0.00,-0.06,-0.73
2025-02-07,00:02:02,0.01,0.02,1.00,0.06,0.00,-0.73
2025-02-07,00:02:02,0.01,0.02,1.00,0.06,0.00,-0.73
2025-02-07,00:02:03,0.01,0.02,1.00,0.06,0.00,-0.73
2025-02-07,00:02:03,0.01,0.02,1.00,0.06,0.00,-0.73
2025-02-07,00:02:04,0.01,0.02,1.00,0.06,0.00,-0.79
2025-02-07,00:02:04,0.01,0.02,1.00,0.06,0.00,-0.79
2025-02-07,00:02:05,0.01,0.02,1.00,0.06,0.00,-0.79
2025-02-07,00:02:05,0.00,0.02,1.00,0.06,0.00,-0.73
2025-02-07,00:02:06,0.01,0.02,1.00,0.06,0.00,-0.79
2025-02-07,00:02:07,0.01,0.02,1.00,0.12,0.00,-0.73
2025-02-07,00:02:07,0.01,0.02,1.00,0.06,0.00,-0.79
2025-02-07,00:02:08,0.01,0.02,1.00,0.06,0.00,-0.79
2025-02-07,00:02:08,0.01,0.02,1.00,0.00,0.00,-0.73
2025-02-07,00:02:09,0.01,0.02,1.00,0.06,-0.06,-0.73
2025-02-07,00:02:09,0.01,0.02,1.00,0.06,0.00,-0.73
2025-02-07,00:02:10,0.01,0.02,1.00,0.06,0.00,-0.79
2025-02-07,00:02:10,0.01,0.02,1.00,0.06,0.00,-0.73
2025-02-07,00:02:11,0.01,0.02,1.00,0.06,0.00,-0.73
2025-02-07,00:02:11,0.01,0.02,1.00,0.06,0.00,-0.73
2025-02-07,00:02:12,0.01,0.02,1.00,0.06,0.00,-0.73
2025-02-07,00:02:12,0.01,0.02,1.00,0.12,-0.06,-0.79
2025-02-07,00:02:13,0.01,0.02,1.00,0.06,0.00,-0.73
2025-02-07,00:02:13,0.01,0.02,1.00,0.12,0.00,-0.73
2025-02-07,00:02:14,0.01,0.02,1.00,0.06,0.00,-0.73
2025-02-07,00:02:14,0.01,0.02,1.00,0.06,0.00,-0.73
2025-02-07,00:02:15,0.01,0.02,1.00,0.06,0.00,-0.73
2025-02-07,00:02:15,0.01,0.02,1.00,0.06,0.00,-0.79
2025-02-07,00:02:16,0.00,0.02,1.00,0.06,0.00,-0.73
2025-02-07,00:02:16,0.01,0.02,1.00,0.12,0.00,-0.73
2025-02-07,00:02:17,0.01,0.02,1.00,0.06,0.00,-0.73
2025-02-07,00:02:17,0.01,0.02,1.00,0.06,0.00,-0.73
2025-02-07,00:02:18,0.01,0.01,1.00,0.06,0.00,-0.79
2025-02-07,00:02:18,0.00,0.02,1.00,0.06,0.00,-0.79
2025-02-07,00:02:19,0.01,0.02,1.00,0.06,-0.06,-0.73
2025-02-07,00:02:19,0.01,0.02,1.00,0.12,0.00,-0.73
2025-02-07,00:02:20,0.00,0.02,1.00,0.06,0.00,-0.79
2025-02-07,00:02:20,0.00,0.02,1.00,0.12,-0.06,-0.73
2025-02-07,00:02:21,0.11,0.02,0.86,-2.62,122.92,-12.15
2025-02-07,00:02:21,-0.41,0.16,0.84,-76.05,-47.91,47.24
2025-02-07,00:02:22,-1.26,0.53,0.52,-18.13,-29.05,-213.62
2025-02-07,00:02:22,-1.37,0.78,1.27,80.26,122.19,137.45
2025-02-07,00:02:23,-0.33,0.56,1.40,83.50,23.07,92.59
2025-02-07,00:02:23,-0.49,-1.27,1.75,-10.74,-63.84,-104.98
2025-02-07,00:02:24,1.21,0.66,0.58,13.79,22.40,53.53
2025-02-07,00:02:24,-1.42,1.81,0.63,21.61,41.99,47.06
2025-02-07,00:02:25,-1.00,-0.28,1.55,13.92,-62.74,-63.17
2025-02-07,00:02:25,-0.11,-0.70,0.69,-1.34,16.78,88.32
2025-02-07,00:02:26,-0.15,-1.38,1.37,36.07,-16.11,37.84
2025-02-07,00:02:26,-0.15,-1.61,1.40,28.14,-82.09,-33.20
2025-02-07,00:02:27,-0.98,-1.40,1.14,9.16,-51.57,-40.10
2025-02-07,00:02:27,-0.51,-1.24,1.20,40.47,-44.07,-28.02
2025-02-07,00:02:28,-0.21,-0.79,1.27,10.99,21.00,-16.66
2025-02-07,00:02:28,-0.25,0.38,2.59,-51.15,62.01,-56.34
2025-02-07,00:02:29,0.24,0.16,0.34,-50.60,117.68,-27.71
2025-02-07,00:02:29,0.49,-0.17,-1.40,24.05,-103.76,5.86
2025-02-07,00:02:30,-0.96,1.48,3.27,108.34,-99.79,52.92
2025-02-07,00:02:30,0.12,0.58,1.06,-73.30,188.72,16.60
2025-02-07,00:02:31,0.30,-0.21,-1.38,24.90,5.07,-15.14
2025-02-07,00:02:31,0.91,0.37,-0.04,-90.39,-161.87,-71.04
2025-02-07,00:02:32,1.83,0.38,0.64,-63.78,55.48,170.53
2025-02-07,00:02:32,-0.31,0.47,0.69,4.70,143.49,87.89
2025-02-07,00:02:33,-0.39,1.20,0.86,-61.16,-45.53,-7.69
2025-02-07,00:02:33,-0.27,0.05,0.60,-14.59,-25.57,9.03
2025-02-07,00:02:34,-0.46,-0.86,0.77,27.04,-31.62,-39.00
2025-02-07,00:02:34,0.08,-0.98,1.82,27.59,47.00,-79.47
2025-02-07,00:02:35,-0.97,0.00,1.09,36.38,-34.79,-48.40
2025-02-07,00:02:35,-0.75,-0.86,1.42,37.72,-19.17,-89.11
2025-02-07,00:02:36,0.78,-1.36,1.86,-44.56,-85.63,-77.88
2025-02-07,00:02:36,0.95,-0.53,0.82,-26.79,7.32,24.35
2025-02-07,00:02:37,0.49,0.03,-1.59,-3.17,62.19,18.19
2025-02-07,00:02:37,0.52,-0.16,-0.29,114.38,-96.25,43.21
2025-02-07,00:02:38,-0.63,0.60,3.90,-62.68,41.81,-37.11
2025-02-07,00:02:38,0.19,-0.05,-0.85,-83.80,3.85,-48.28
2025-02-07,00:02:39,-0.32,1.10,0.65,182.56,-153.63,62.26
2025-02-07,00:02:39,-0.25,-1.50,1.36,35.95,-47.36,41.20
2025-02-07,00:02:40,0.20,0.46,0.82,-16.66,-3.54,13.00
2025-02-07,00:02:40,-0.48,2.35,0.95,30.46,151.06,14.53
2025-02-07,00:02:41,-0.21,0.17,0.54,-2.14,30.94,58.41
2025-02-07,00:02:41,-0.62,-1.67,1.44,22.71,-25.57,-54.38
2025-02-07,00:02:42,-0.35,-0.24,1.23,-2.93,-32.59,-25.33
2025-02-07,00:02:42,-0.13,-0.08,0.85,-15.50,5.62,-27.10
2025-02-07,00:02:43,-0.26,0.16,0.90,-22.03,5.86,3.42
2025-02-07,00:02:43,0.00,0.08,1.01,-5.07,53.89,-1.89
2025-02-07,00:02:44,-0.01,0.02,1.01,0.31,1.71,-10.31
2025-02-07,00:02:44,0.01,0.02,1.00,0.06,0.06,-0.73
2025-02-07,00:02:45,0.01,0.02,1.00,0.06,0.12,-0.79
2025-02-07,00:02:45,0.01,0.02,1.00,0.06,0.00,-0.73
2025-02-07,00:02:46,0.01,0.02,1.00,0.06,0.00,-0.73
2025-02-07,00:02:46,0.01,0.02,1.00,0.06,0.06,-0.79
2025-02-07,00:02:47,0.01,0.02,1.00,0.06,0.00,-0.79
2025-02-07,00:02:47,0.01,0.02,1.00,0.06,0.00,-0.73
2025-02-07,00:02:48,0.01,0.02,1.00,0.12,0.06,-0.79
2025-02-07,00:02:48,0.01,0.02,1.00,0.06,0.00,-0.73
2025-02-07,00:02:49,0.01,0.02,1.00,0.06,0.00,-0.73
2025-02-07,00:02:49,0.01,0.02,1.00,0.06,0.00,-0.79
2025-02-07,00:02:50,0.01,0.02,1.00,0.06,0.00,-0.73
2025-02-07,00:02:50,0.01,0.02,1.00,0.06,0.00,-0.79
2025-02-07,00:02:51,0.01,0.02,1.00,0.06,0.00,-0.73
2025-02-07,00:02:51,0.01,0.02,1.00,0.06,0.00,-0.73
2025-02-07,00:02:52,0.01,0.02,1.00,0.06,0.00,-0.73
2025-02-07,00:02:52,0.01,0.01,1.00,0.06,-0.06,-0.79
2025-02-07,00:02:53,0.01,0.02,1.00,0.12,0.00,-0.73
2025-02-07,00:02:53,0.01,0.02,1.00,0.06,0.00,-0.73
2025-02-07,00:02:54,0.01,0.02,1.00,0.12,0.00,-0.73
2025-02-07,00:02:54,0.01,0.02,1.00,0.06,0.00,-0.73
2025-02-07,00:02:55,0.01,0.02,1.00,0.06,0.00,-0.73
2025-02-07,00:02:55,0.01,0.02,1.00,0.06,0.00,-0.79
2025-02-07,00:02:56,0.01,0.02,1.00,0.12,-0.06,-0.79
2025-02-07,00:02:56,0.00,0.02,1.01,0.06,0.12,-0.73
2025-02-07,00:02:57,0.01,0.02,1.00,0.06,0.00,-0.85
2025-02-07,00:02:57,0.01,0.02,1.00,0.12,0.00,-0.79
2025-02-07,00:02:58,0.01,0.02,1.00,0.06,0.00,-0.79
2025-02-07,00:02:58,0.01,0.02,1.00,0.12,0.00,-0.73
2025-02-07,00:02:59,0.01,0.02,1.00,0.06,0.00,-0.79
2025-02-07,00:02:59,0.01,0.02,1.00,0.06,0.00,-0.73
2025-02-07,00:03:00,0.01,0.02,1.00,0.06,0.00,-0.73
2025-02-07,00:03:00,0.01,0.02,1.00,0.06,0.00,-0.73
2025-02-07,00:03:01,0.01,0.02,1.00,0.12,0.00,-0.79
2025-02-07,00:03:01,0.01,0.02,1.00,0.06,0.00,-0.73
2025-02-07,00:03:02,0.01,0.02,1.00,0.06,0.00,-0.73
2025-02-07,00:03:02,0.01,0.02,1.00,0.06,0.00,-0.73
2025-02-07,00:03:03,0.01,0.02,1.00,0.12,0.00,-0.73
2025-02-07,00:03:03,0.01,0.02,1.00,0.06,-0.06,-0.79
2025-02-07,00:03:04,0.01,0.02,1.00,0.06,0.00,-0.73
2025-02-07,00:03:04,0.01,0.02,1.00,0.06,0.00,-0.73
2025-02-07,00:03:05,0.01,0.02,1.00,0.06,0.00,-0.73
2025-02-07,00:03:05,0.01,0.02,1.00,0.12,0.00,-0.73
2025-02-07,00:03:06,0.01,0.02,1.00,0.12,0.00,-0.73
2025-02-07,00:03:06,0.01,0.02,1.00,0.06,0.00,-0.73
2025-02-07,00:03:07,0.01,0.02,1.00,0.06,0.00,-0.79
2025-02-07,00:03:07,0.01,0.02,1.00,0.06,0.00,-0.73
2025-02-07,00:03:08,0.01,0.02,1.00,0.12,-0.06,-0.73
2025-02-07,00:03:08,0.01,0.02,1.00,0.06,0.00,-0.73
2025-02-07,00:03:09,0.01,0.02,1.00,0.06,0.00,-0.79
2025-02-07,00:03:10,0.01,0.02,1.00,0.06,0.00,-0.79
2025-02-07,00:03:10,0.02,0.03,1.00,0.06,0.00,-0.79
2025-02-07,00:03:11,0.00,0.02,1.00,0.06,0.00,-0.79
2025-02-07,00:03:11,-0.01,0.03,1.00,0.06,-0.06,-0.43
2025-02-07,00:03:12,0.02,0.02,1.00,0.12,0.00,0.12
2025-02-07,00:03:12,0.02,0.02,1.00,0.12,0.00,-0.67
2025-02-07,00:03:13,-0.00,0.02,1.00,0.06,-0.06,-0.79
2025-02-07,00:03:13,-0.00,0.01,1.00,0.06,0.00,-0.67
2025-02-07,00:03:14,0.02,0.01,1.00,0.12,-0.06,-0.98
2025-02-07,00:03:14,0.01,0.03,1.00,0.12,0.00,-0.79
2025-02-07,00:03:15,0.00,0.01,1.00,0.12,-0.06,-0.73
2025-02-07,00:03:15,0.01,0.01,1.00,0.06,0.00,-0.85
2025-02-07,00:03:16,0.00,0.01,1.00,0.06,0.00,-0.73
2025-02-07,00:03:16,0.01,0.02,1.00,0.06,0.00,-0.79
2025-02-07,00:03:17,0.01,0.02,1.00,0.12,-0.06,-0.79
2025-02-07,00:03:17,0.01,0.02,1.00,0.12,0.00,-0.79
2025-02-07,00:03:18,0.01,0.02,1.00,0.12,0.00,-0.79
2025-02-07,00:03:18,0.01,0.02,1.00,0.06,0.00,-0.73
2025-02-07,00:03:19,0.01,0.02,1.00,0.06,0.00,-0.79
2025-02-07,00:03:19,0.01,0.02,1.00,0.06,0.00,-0.73
2025-02-07,00:03:20,0.01,0.02,1.00,0.06,0.00,-0.73
2025-02-07,00:03:20,0.01,0.02,1.00,0.06,-0.06,-0.79
2025-02-07,00:03:21,0.01,0.02,1.00,0.06,0.00,-0.73
2025-02-07,00:03:21,0.01,0.02,1.00,0.06,0.00,-0.79
2025-02-07,00:03:22,0.01,0.02,1.00,0.06,0.00,-0.79
2025-02-07,00:03:22,0.01,0.02,1.00,0.06,0.00,-0.73
2025-02-07,00:03:23,0.01,0.02,1.00,0.12,0.00,-0.73
2025-02-07,00:03:23,0.01,0.02,1.00,0.06,-0.06,-0.73
2025-02-07,00:03:24,0.01,0.02,1.00,0.06,0.00,-0.73
2025-02-07,00:03:24,0.01,0.02,1.00,0.06,0.00,-0.73
2025-02-07,00:03:25,0.01,0.02,1.00,0.06,0.00,-0.73
2025-02-07,00:03:25,0.01,0.02,1.00,0.06,0.00,-0.73
2025-02-07,00:03:26,0.01,0.02,1.00,0.06,0.00,-0.73
2025-02-07,00:03:26,0.01,0.02,1.00,0.06,0.00,-0.79
2025-02-07,00:03:27,0.01,0.02,1.00,0.06,0.00,-0.73
2025-02-07,00:03:27,0.01,0.02,1.00,0.06,0.00,-0.73
2025-02-07,00:03:28,0.01,0.02,1.00,0.06,-0.06,-0.73
2025-02-07,00:03:28,0.01,0.02,1.00,0.06,0.00,-0.79
2025-02-07,00:03:29,0.01,0.02,1.00,0.06,0.00,-0.79
2025-02-07,00:03:29,0.01,0.02,1.00,0.06,-0.06,-0.73
2025-02-07,00:03:30,0.01,0.02,1.00,0.06,0.00,-0.79
2025-02-07,00:03:30,0.01,0.02,1.00,0.06,0.00,-0.73
2025-02-07,00:03:31,0.01,0.02,1.00,0.06,-0.06,-0.73
2025-02-07,00:03:31,0.01,0.02,1.00,0.06,0.00,-0.73
2025-02-07,00:03:32,0.01,0.02,1.00,0.06,0.00,-0.73
2025-02-07,00:03:32,0.01,0.02,1.00,0.06,0.00,-0.73
2025-02-07,00:03:33,0.01,0.02,1.00,0.06,-0.06,-0.73
2025-02-07,00:03:33,0.01,0.02,1.00,0.06,0.00,-0.79
2025-02-07,00:03:34,0.01,0.02,1.00,0.06,0.00,-0.79
2025-02-07,00:03:34,0.01,0.02,1.00,0.06,0.00,-0.73
2025-02-07,00:03:35,0.01,0.02,1.00,0.06,0.00,-0.73
2025-02-07,00:03:35,0.01,0.02,1.00,0.06,0.00,-0.73
2025-02-07,00:03:36,0.01,0.02,1.00,0.06,-0.06,-0.73
2025-02-07,00:03:36,0.00,0.02,1.00,0.06,0.00,-0.79
2025-02-07,00:03:37,0.01,0.02,1.00,0.12,0.00,-0.73
2025-02-07,00:03:37,0.00,0.02,1.00,0.06,0.00,-0.73
2025-02-07,00:03:38,0.01,0.02,1.00,0.06,0.00,-0.79
2025-02-07,00:03:38,0.01,0.02,1.00,0.06,0.00,-0.85
2025-02-07,00:03:39,-0.00,0.03,1.00,0.06,0.12,-0.67
2025-02-07,00:03:39,0.00,0.02,1.00,0.12,0.00,-0.73
2025-02-07,00:03:40,0.00,0.02,1.00,0.06,0.00,-0.79
2025-02-07,00:03:40,0.01,0.02,1.00,0.06,0.00,-0.61
2025-02-07,00:03:41,0.01,0.02,1.00,0.06,0.00,-0.73
2025-02-07,00:03:41,-0.00,0.05,1.00,-0.31,0.24,-0.92
2025-02-07,00:03:42,0.00,0.02,1.00,0.06,0.00,-0.73
2025-02-07,00:03:42,0.01,0.02,1.00,0.06,0.00,-0.73
2025-02-07,00:03:43,-0.21,0.40,0.66,7.20,121.52,-25.33
2025-02-07,00:03:43,-0.17,-0.29,1.06,-72.63,-75.26,-37.60
2025-02-07,00:03:44,-0.37,0.87,0.62,50.17,171.33,118.47
2025-02-07,00:03:44,-0.07,-0.26,0.89,49.99,83.01,93.57
2025-02-07,00:03:45,0.28,-1.61,1.62,-19.04,-60.36,-18.37
2025-02-07,00:03:45,-0.07,0.33,0.65,-27.77,-142.58,-212.83
2025-02-07,00:03:46,-0.65,1.52,-0.50,-32.65,41.02,71.72
2025-02-07,00:03:46,-0.53,1.02,1.20,-189.82,-94.79,25.82
2025-02-07,00:03:47,-0.42,0.78,1.24,-58.59,-66.04,57.56
2025-02-07,00:03:47,-0.48,0.89,0.59,-50.42,-84.47,145.08
2025-02-07,00:03:48,-0.41,0.69,0.80,-132.39,-102.78,169.74
2025-02-07,00:03:48,-0.27,1.58,-0.45,45.78,48.71,-19.71
2025-02-07,00:03:49,-0.77,2.22,-0.38,-18.07,-7.81,8.18
2025-02-07,00:03:49,-0.59,2.05,-0.03,-63.54,-61.16,-66.04
2025-02-07,00:03:50,0.00,0.03,1.20,10.99,-121.09,-110.90
2025-02-07,00:03:50,0.04,0.00,1.00,-0.49,1.40,-29.91
2025-02-07,00:03:51,0.02,0.02,1.00,0.06,0.12,-0.79
2025-02-07,00:03:51,0.02,0.02,1.00,0.06,0.18,-0.85
2025-02-07,00:03:52,0.01,0.02,1.00,0.06,0.06,-0.79
2025-02-07,00:03:52,0.01,0.02,1.00,0.06,0.12,-0.98
2025-02-07,00:03:53,0.01,0.02,1.00,0.12,0.00,-0.79
2025-02-07,00:03:53,0.01,0.02,1.00,0.06,0.00,-0.73
2025-02-07,00:03:54,0.01,0.02,1.00,0.12,0.00,-0.73
2025-02-07,00:03:54,0.01,0.02,1.00,0.06,0.00,-0.79
2025-02-07,00:03:55,0.01,0.02,1.00,0.06,0.00,-0.73
2025-02-07,00:03:55,0.01,0.02,1.00,0.12,0.00,-0.79
2025-02-07,00:03:56,0.01,0.02,1.00,0.06,-15.63,-0.73
2025-02-07,00:03:56,0.01,0.02,1.00,0.12,0.00,-0.79
2025-02-07,00:03:57,0.01,0.02,1.00,0.12,0.00,-0.79
2025-02-07,00:03:57,0.00,0.02,1.00,0.06,0.00,-0.92
2025-02-07,00:03:58,0.01,0.02,1.00,0.06,0.00,-0.73
2025-02-07,00:03:58,0.01,0.02,1.00,0.06,0.00,-0.73
2025-02-07,00:03:59,0.04,0.07,1.01,-0.06,-7.26,4.88
2025-02-07,00:03:59,-0.06,0.14,0.91,20.69,43.64,-2.69
2025-02-07,00:04:00,-0.20,-0.08,1.42,55.05,21.55,16.36
2025-02-07,00:04:00,-0.11,0.01,1.17,-8.67,4.33,1.16
2025-02-07,00:04:01,-0.10,0.17,1.57,11.41,62.44,25.82
2025-02-07,00:04:01,-0.37,0.05,0.84,-2.38,3.30,13.00
2025-02-07,00:04:02,-0.58,0.31,2.97,-51.45,-72.45,-24.90
2025-02-07,00:04:02,0.35,-0.30,-0.76,-19.23,-114.56,42.05
2025-02-07,00:04:03,0.36,0.07,0.01,72.81,123.60,-75.68
2025-02-07,00:04:03,-1.03,0.65,2.64,47.06,56.46,11.29
2025-02-07,00:04:04,-0.63,0.34,1.24,-34.67,23.93,-0.61
2025-02-07,00:04:04,0.72,-0.70,-1.21,-9.16,-109.13,9.95
2025-02-07,00:04:05,-0.27,0.25,0.87,22.83,-33.26,-15.26
2025-02-07,00:04:05,0.08,0.04,0.99,-0.12,0.92,-24.84
2025-02-07,00:04:06,-0.01,0.02,1.00,0.06,-0.06,-0.67
2025-02-07,00:04:06,0.00,0.03,1.00,0.06,0.06,-0.92
2025-02-07,00:04:07,-0.01,0.03,1.00,0.06,0.00,-0.73
2025-02-07,00:04:07,-0.02,0.02,1.00,0.12,-0.06,-0.73
2025-02-07,00:04:08,-0.00,0.01,0.99,0.00,0.06,-0.79
2025-02-07,00:04:08,-0.03,0.03,1.00,0.06,0.00,-0.61
2025-02-07,00:04:09,-0.00,0.02,1.00,0.06,0.00,-0.79
2025-02-07,00:04:09,-0.01,0.02,1.00,0.06,0.00,-0.85
2025-02-07,00:04:10,-0.02,0.02,1.00,0.06,0.00,-0.67
2025-02-07,00:04:10,-0.02,0.02,1.00,0.00,-0.12,-0.61
2025-02-07,00:04:11,-0.00,0.02,1.00,0.06,0.00,-0.73
2025-02-07,00:04:11,-0.02,0.03,1.01,0.55,-0.49,-1.04
2025-02-07,00:04:12,-0.03,0.03,1.00,0.06,0.18,-0.92
2025-02-07,00:04:13,-0.02,0.03,1.00,0.12,-0.06,-0.73
2025-02-07,00:04:13,-0.01,0.03,1.00,0.06,0.24,-0.61
2025-02-07,00:04:14,-0.01,0.02,1.00,0.12,-0.06,-0.79
2025-02-07,00:04:14,-0.01,0.02,1.00,0.06,-0.06,-0.85
2025-02-07,00:04:15,-0.01,0.02,1.00,0.00,-0.06,-0.85
2025-02-07,00:04:15,-0.01,0.02,1.01,0.06,-0.06,-0.79
2025-02-07,00:04:16,-0.01,0.02,1.00,0.06,-0.12,-0.85
2025-02-07,00:04:16,-0.01,0.02,1.00,0.06,0.12,-0.61
2025-02-07,00:04:17,-0.01,0.02,1.00,0.06,-0.06,-0.79
2025-02-07,00:04:17,-0.01,0.02,1.00,0.12,0.00,-0.73
2025-02-07,00:04:18,-0.01,0.02,1.00,0.06,-0.06,-0.79
2025-02-07,00:04:18,-0.01,0.01,1.00,0.06,-0.06,-0.67
2025-02-07,00:04:19,-0.01,0.02,1.00,0.06,0.00,-0.73
2025-02-07,00:04:19,-0.01,0.02,1.00,0.06,0.06,-0.73
2025-02-07,00:04:20,-0.01,0.02,1.00,0.06,0.00,-0.73
2025-02-07,00:04:20,-0.01,0.02,1.00,0.06,0.00,-0.73
2025-02-07,00:04:21,-0.01,0.02,1.00,0.06,0.00,-0.73
2025-02-07,00:04:21,-0.01,0.02,1.00,0.06,-0.06,-0.73
2025-02-07,00:04:22,-0.01,0.02,1.00,0.06,0.06,-0.79
2025-02-07,00:04:22,-0.01,0.02,1.00,0.06,0.00,-0.73
2025-02-07,00:04:23,-0.01,0.02,1.00,0.06,0.00,-0.73
2025-02-07,00:04:23,-0.01,0.02,1.00,0.06,0.00,-0.73
2025-02-07,00:04:24,-0.01,0.02,1.00,0.06,0.00,-0.79
2025-02-07,00:04:24,-0.01,0.02,1.00,0.06,-0.06,-0.73
2025-02-07,00:04:25,-0.01,0.02,1.00,0.12,-0.06,-0.73
2025-02-07,00:04:25,-0.01,0.02,1.00,0.06,0.00,-0.73
2025-02-07,00:04:26,-0.01,0.02,1.00,0.06,-0.06,-0.79
2025-02-07,00:04:26,-0.01,0.02,1.00,0.12,0.00,-0.79
2025-02-07,00:04:27,-0.01,0.02,1.00,0.06,0.06,-0.73
2025-02-07,00:04:27,-0.01,0.02,1.00,0.06,-0.06,-0.79
2025-02-07,00:04:28,-0.01,0.02,1.00,0.06,0.00,-0.73
2025-02-07,00:04:28,-0.01,0.02,1.00,0.06,0.00,-0.73
2025-02-07,00:04:29,-0.01,0.02,1.00,0.06,0.00,-0.73
2025-02-07,00:04:29,-0.01,0.02,1.00,0.06,0.00,-0.79
2025-02-07,00:04:30,-0.01,0.02,1.00,0.06,-0.06,-0.73
2025-02-07,00:04:30,-0.01,0.02,1.00,0.06,0.00,-0.73
2025-02-07,00:04:31,-0.01,0.02,1.00,0.06,0.00,-0.79
2025-02-07,00:04:31,-0.01,0.02,1.00,0.06,0.00,-0.73
2025-02-07,00:04:32,-0.01,0.02,1.00,0.06,0.00,-0.73
2025-02-07,00:04:32,-0.01,0.02,1.00,0.06,0.00,-0.73
2025-02-07,00:04:33,-0.01,0.02,1.00,0.06,0.00,-0.79
2025-02-07,00:04:33,-0.01,0.02,1.00,0.06,0.00,-0.73
2025-02-07,00:04:34,-0.01,0.02,1.00,0.06,0.00,-0.73
2025-02-07,00:04:34,-0.01,0.02,1.00,0.06,0.00,-0.73
2025-02-07,00:04:35,-0.01,0.02,1.00,0.12,0.00,-0.73
2025-02-07,00:04:35,-0.01,0.02,1.00,0.06,0.00,-0.73
2025-02-07,00:04:36,-0.02,0.02,1.00,0.12,0.00,-0.79
2025-02-07,00:04:36,-0.01,0.02,1.00,0.12,0.00,-0.67
2025-02-07,00:04:37,-0.01,0.02,1.00,0.06,0.00,-0.73
2025-02-07,00:04:37,-0.01,0.02,1.00,0.06,-0.06,-0.73
2025-02-07,00:04:38,-0.05,0.50,1.62,61.65,71.84,-27.83
2025-02-07,00:04:38,0.16,-0.45,-1.27,106.38,12.15,-21.12
2025-02-07,00:04:39,0.28,0.30,-0.19,5.55,-127.44,121.70
2025-02-07,00:04:39,-0.83,1.81,3.54,-109.19,-77.03,36.68
2025-02-07,00:04:40,-0.11,0.88,0.17,101.93,63.29,-132.81
2025-02-07,00:04:40,0.33,-0.28,-0.35,8.85,-19.35,-58.35
2025-02-07,00:04:41,0.63,-0.89,-0.41,17.88,-8.73,121.34
2025-02-07,00:04:41,-0.80,1.81,0.45,-75.81,62.87,137.70
2025-02-07,00:04:42,-1.01,1.71,1.88,216.86,63.48,5.92
2025-02-07,00:04:42,-0.12,0.55,1.01,-9.34,0.31,-13.61
2025-02-07,00:04:43,0.00,0.12,1.04,-11.05,-4.39,-13.67
2025-02-07,00:04:43,-0.02,0.19,0.98,-1.40,-0.06,-0.85
2025-02-07,00:04:44,-0.01,0.17,0.99,0.37,-0.18,-1.10
2025-02-07,00:04:44,-0.02,0.18,0.99,0.49,0.00,-0.73
2025-02-07,00:04:45,-0.02,0.18,0.98,-0.06,0.00,-0.73
2025-02-07,00:04:45,-0.01,0.18,0.98,0.73,0.00,-0.73
2025-02-07,00:04:46,-0.01,0.18,0.99,0.18,0.00,-0.73
2025-02-07,00:04:46,-0.02,0.18,0.98,0.12,0.00,-0.73
2025-02-07,00:04:47,-0.01,0.17,0.99,0.79,-0.06,-0.73
2025-02-07,00:04:47,-0.01,0.18,0.99,0.18,0.00,-0.79
2025-02-07,00:04:48,-0.02,0.18,0.99,0.06,0.00,-0.73
2025-02-07,00:04:48,-0.01,0.18,0.99,0.12,0.00,-0.73
2025-02-07,00:04:49,-0.02,0.18,0.99,0.12,0.00,-0.79
2025-02-07,00:04:49,-0.02,0.18,0.99,0.06,0.00,-0.79
2025-02-07,00:04:50,-0.02,0.17,0.99,0.12,-0.06,-0.73
2025-02-07,00:04:50,-0.02,0.18,0.98,-0.12,0.00,-0.73
2025-02-07,00:04:51,-0.01,0.18,0.99,0.06,0.00,-0.79
2025-02-07,00:04:51,-0.02,0.18,0.98,0.12,0.00,-0.73
2025-02-07,00:04:52,-0.02,0.18,0.99,0.18,0.00,-0.73
2025-02-07,00:04:52,-0.01,0.17,0.99,0.00,0.00,-0.73
2025-02-07,00:04:53,-0.01,0.17,0.99,-0.31,0.00,-0.79
2025-02-07,00:04:53,-0.01,0.18,0.98,0.00,-0.06,-0.73
2025-02-07,00:04:54,-0.02,0.18,0.99,0.06,0.00,-0.79
2025-02-07,00:04:54,-0.02,0.18,0.99,0.00,0.00,-0.73
2025-02-07,00:04:55,-0.02,0.18,0.99,-0.06,0.00,-0.79
2025-02-07,00:04:55,-0.02,0.18,0.99,0.18,0.00,-0.73
2025-02-07,00:04:56,-0.02,0.18,0.99,0.00,0.00,-0.73
2025-02-07,00:04:56,-0.02,0.17,0.99,0.00,0.00,-0.73
2025-02-07,00:04:57,-0.01,0.17,0.99,0.00,0.00,-0.79
2025-02-07,00:04:57,-0.01,0.18,0.99,-0.37,0.00,-0.79
2025-02-07,00:04:58,-0.01,0.18,0.99,0.06,-0.06,-0.73
2025-02-07,00:04:58,-0.02,0.18,0.99,0.06,0.00,-0.79
2025-02-07,00:04:59,-0.02,0.18,0.99,0.06,-0.06,-0.79
2025-02-07,00:04:59,-0.02,0.18,0.99,0.18,0.00,-0.79
2025-02-07,00:05:00,-0.02,0.18,0.98,0.18,0.00,-0.73
2025-02-07,00:05:00,-0.02,0.18,0.98,-0.49,0.00,-0.79
2025-02-07,00:05:01,-0.02,0.18,0.99,-0.79,-0.06,-0.79
2025-02-07,00:05:01,-0.02,0.17,0.99,0.12,0.00,-0.73
2025-02-07,00:05:02,-0.01,0.17,0.99,-0.06,0.00,-0.73
2025-02-07,00:05:02,-0.02,0.18,0.99,-0.37,0.00,-0.79
2025-02-07,00:05:03,-0.02,0.18,0.98,0.12,0.00,-0.73
2025-02-07,00:05:03,-0.01,0.18,0.99,0.12,0.00,-0.73
2025-02-07,00:05:04,-0.02,0.18,0.98,-0.06,0.00,-0.73
2025-02-07,00:05:04,-0.01,0.18,0.98,0.43,0.00,-0.73
2025-02-07,00:05:05,-0.22,0.65,1.32,123.60,26.31,-16.30
2025-02-07,00:05:05,0.30,-0.34,-0.27,73.49,-54.75,-11.84
2025-02-07,00:05:06,-1.28,2.00,1.58,-166.02,-68.66,107.79
2025-02-07,00:05:06,-0.40,0.83,0.53,97.17,15.93,-55.79
2025-02-07,00:05:07,0.56,-1.07,-0.67,64.82,-3.42,17.27
2025-02-07,00:05:07,-0.44,0.97,0.77,85.88,48.22,83.44
2025-02-07,00:05:08,-0.20,0.45,0.92,-8.85,3.42,-3.23
2025-02-07,00:05:08,-0.05,0.19,0.89,154.30,-17.33,-37.17
2025-02-07,00:05:09,-0.01,0.19,0.98,0.06,0.06,-0.79
2025-02-07,00:05:09,-0.01,0.19,0.98,0.12,0.00,-0.73
2025-02-07,00:05:10,-0.01,0.19,0.98,0.06,0.00,-0.73
2025-02-07,00:05:10,-0.01,0.19,0.99,0.12,0.00,-0.73
2025-02-07,00:05:11,-0.01,0.19,0.98,0.06,0.00,-0.73
2025-02-07,00:05:11,-0.02,0.19,0.98,0.06,0.00,-0.73
2025-02-07,00:05:12,-0.02,0.19,0.98,0.18,0.00,-0.79
2025-02-07,00:05:12,-0.01,0.18,0.99,0.24,0.00,-0.67
2025-02-07,00:05:13,-0.02,0.19,0.98,0.12,-0.06,-0.79
2025-02-07,00:05:13,-0.01,0.19,0.99,0.06,0.00,-0.73
2025-02-07,00:05:14,-0.01,0.19,0.98,0.06,0.00,-0.79
2025-02-07,00:05:14,-0.01,0.19,0.98,0.18,0.00,-0.73
2025-02-07,00:05:15,-0.01,0.18,0.98,0.06,0.00,-0.79
2025-02-07,00:05:16,-0.02,0.19,0.98,0.06,0.00,-0.73
2025-02-07,00:05:16,-0.01,0.18,0.98,0.06,-0.06,-0.79
2025-02-07,00:05:17,-0.01,0.19,0.98,0.00,-0.06,-0.79
2025-02-07,00:05:17,-0.01,0.18,0.98,0.06,0.00,-0.79
2025-02-07,00:05:18,-0.01,0.18,0.98,0.06,0.00,-0.73
2025-02-07,00:05:18,-0.02,0.18,0.98,0.06,-0.06,-0.79
2025-02-07,00:05:19,-0.01,0.19,0.98,0.06,0.00,-0.79
2025-02-07,00:05:19,-0.01,0.18,0.98,0.00,0.00,-0.79
2025-02-07,00:05:20,-0.02,0.18,0.98,0.00,-0.06,-0.73
2025-02-07,00:05:20,-0.01,0.18,0.98,0.18,-0.06,-0.73
2025-02-07,00:05:21,-0.01,0.18,0.98,-0.06,0.00,-0.79
2025-02-07,00:05:21,-0.01,0.18,0.98,0.12,-0.06,-0.73
2025-02-07,00:05:22,-0.01,0.19,0.98,0.06,0.00,-0.67
2025-02-07,00:05:22,-0.02,0.18,0.98,0.24,0.00,-0.73
2025-02-07,00:05:23,-0.01,0.18,0.98,0.00,0.00,-0.73
2025-02-07,00:05:23,-0.02,0.19,0.98,0.00,-0.06,-0.98
2025-02-07,00:05:24,-0.01,0.19,0.98,0.06,0.00,-0.73
2025-02-07,00:05:24,-0.02,0.18,0.98,0.12,0.00,-0.79
2025-02-07,00:05:25,-0.01,0.19,0.98,0.12,0.00,-0.73
2025-02-07,00:05:25,-0.02,0.19,0.99,0.18,0.00,-0.67
2025-02-07,00:05:26,-0.01,0.19,0.98,0.12,0.06,-0.67
2025-02-07,00:05:26,-0.01,0.18,0.99,0.12,0.00,-0.73
2025-02-07,00:05:27,-0.02,0.18,0.98,0.12,0.00,-0.73
2025-02-07,00:05:27,-0.02,0.19,0.98,0.00,-0.06,-0.85
2025-02-07,00:05:28,-0.02,0.18,0.98,0.06,-0.06,-0.73
2025-02-07,00:05:28,-0.01,0.19,0.98,0.12,0.00,-0.73
2025-02-07,00:05:29,-0.02,0.18,0.98,0.06,0.00,-0.85
2025-02-07,00:05:29,-0.02,0.18,0.99,0.06,0.00,-0.79
2025-02-07,00:05:30,-0.02,0.18,0.98,0.12,-0.06,-0.79
2025-02-07,00:05:30,-0.02,0.18,0.98,0.06,0.00,-0.73
2025-02-07,00:05:31,-0.02,0.19,0.98,0.06,0.00,-0.79
2025-02-07,00:05:31,-0.01,0.18,0.98,0.06,0.00,-0.67
2025-02-07,00:05:32,-0.02,0.18,0.98,0.12,0.00,-0.67
2025-02-07,00:05:32,-0.21,0.05,0.49,39.12,67.87,-35.10
2025-02-07,00:05:33,-0.55,0.51,1.37,-19.59,-66.65,36.19
2025-02-07,00:05:33,-0.72,1.36,2.32,-17.70,-244.51,-19.10
2025-02-07,00:05:34,-0.78,1.84,1.83,49.68,51.03,-72.14
2025-02-07,00:05:34,-0.45,0.77,0.63,-19.35,194.58,-52.86
2025-02-07,00:05:35,-0.13,0.25,-0.04,7.51,95.21,-23.86
2025-02-07,00:05:35,-0.01,-0.21,-0.28,23.99,-10.01,25.02
2025-02-07,00:05:36,-0.40,0.89,0.58,-105.65,-128.36,-54.57
2025-02-07,00:05:36,-0.02,0.12,0.99,3.05,2.50,-0.12
2025-02-07,00:05:37,-0.02,0.20,0.97,-0.37,0.00,-0.79
2025-02-07,00:05:37,-0.02,0.19,0.99,1.28,0.06,-0.79
2025-02-07,00:05:38,-0.02,0.19,0.98,0.06,-0.06,-0.73
2025-02-07,00:05:38,-0.02,0.19,0.98,-0.12,0.00,-0.79
2025-02-07,00:05:39,-0.02,0.19,0.98,0.24,0.00,-0.73
2025-02-07,00:05:39,-0.02,0.19,0.98,-1.53,-0.12,-0.85
2025-02-07,00:05:40,-0.02,0.19,0.98,-0.85,-0.12,-0.85
2025-02-07,00:05:40,-0.02,0.19,0.98,0.12,0.00,-0.73
2025-02-07,00:05:41,-0.02,0.19,0.98,0.00,-0.06,-0.79
2025-02-07,00:05:41,-0.02,0.19,0.98,-0.24,-0.06,-0.73
2025-02-07,00:05:42,-0.01,0.19,0.98,-0.31,0.00,-0.79
2025-02-07,00:05:42,0.03,0.06,1.46,15.44,58.96,-1.95
2025-02-07,00:05:43,-0.05,0.52,0.86,92.22,93.20,-15.50
2025-02-07,00:05:43,1.19,0.06,-1.00,69.82,-86.36,29.97
2025-02-07,00:05:44,-1.06,0.45,1.17,25.27,-61.22,73.97
2025-02-07,00:05:44,-1.58,0.56,2.41,-65.31,69.27,-16.54
2025-02-07,00:05:45,-0.37,0.43,0.49,-55.42,91.13,-37.54
2025-02-07,00:05:45,0.06,0.10,-0.31,-16.05,34.06,6.47
2025-02-07,00:05:46,-0.25,0.27,0.17,72.14,-125.06,14.59
2025-02-07,00:05:46,-0.53,0.12,1.12,28.81,-104.19,23.38
2025-02-07,00:05:47,-0.87,0.51,2.22,-17.82,154.30,18.13
2025-02-07,00:05:47,-0.44,0.53,0.37,-56.88,136.29,-35.83
2025-02-07,00:05:48,-0.17,0.21,0.97,-55.36,-23.07,-21.12
2025-02-07,00:05:48,-0.01,0.06,1.00,0.00,-0.49,-1.71
2025-02-07,00:05:49,-0.02,0.03,1.00,0.55,0.06,-0.73
2025-02-07,00:05:49,-0.02,0.03,1.00,0.43,0.00,-0.79
2025-02-07,00:05:50,-0.01,0.03,1.00,0.24,0.00,-0.79
2025-02-07,00:05:50,-0.02,0.04,1.00,-0.12,15.56,-0.61
2025-02-07,00:05:51,-0.02,0.04,1.00,0.92,0.06,-0.73
2025-02-07,00:05:51,-0.02,0.04,1.00,-0.18,0.00,-0.79
2025-02-07,00:05:52,-0.02,0.04,1.00,-0.43,-0.06,-0.73
2025-02-07,00:05:52,-0.02,0.04,1.00,-0.31,-0.06,-0.79
2025-02-07,00:05:53,-0.02,0.03,1.00,2.69,0.06,-0.61
2025-02-07,00:05:53,-0.02,0.04,1.00,0.79,0.00,-0.73
2025-02-07,00:05:54,-0.02,0.04,1.00,0.61,0.00,-0.73
2025-02-07,00:05:54,-0.05,0.05,0.99,-4.76,-0.31,-1.10
2025-02-07,00:05:55,-0.02,0.04,1.00,-3.05,-0.18,-0.85
2025-02-07,00:05:55,-0.02,0.05,0.99,0.37,0.00,-0.79
2025-02-07,00:05:56,-0.02,0.04,1.00,2.69,0.06,-0.73
2025-02-07,00:05:56,-0.01,0.05,1.00,2.26,0.12,-0.73
2025-02-07,00:05:57,-0.02,0.03,1.01,2.20,0.06,-0.73
2025-02-07,00:05:57,-0.01,0.03,1.01,-0.61,-0.12,-0.73
2025-02-07,00:05:58,-0.02,0.05,1.00,1.10,0.00,-0.73
2025-02-07,00:05:58,-0.02,0.04,1.00,4.82,0.18,-0.67
2025-02-07,00:05:59,-0.02,0.04,1.00,1.53,0.06,-0.73
2025-02-07,00:05:59,-0.02,0.04,1.00,-0.49,0.00,-0.73
2025-02-07,00:06:00,-0.02,0.04,1.00,1.40,0.06,-0.67
2025-02-07,00:06:00,-0.02,0.04,1.00,0.43,0.00,-0.73
2025-02-07,00:06:01,-0.01,0.04,1.00,0.49,0.00,-0.79
2025-02-07,00:06:01,-0.02,0.04,1.00,0.49,-0.06,-0.73
2025-02-07,00:06:02,-0.02,0.04,1.00,0.12,-0.06,-0.73
2025-02-07,00:06:02,-0.02,0.04,1.00,-0.43,0.00,-0.73
2025-02-07,00:06:03,-0.02,0.05,0.99,-1.34,-0.06,-0.73
2025-02-07,00:06:03,-0.02,0.04,1.00,0.24,0.00,-0.73
2025-02-07,00:06:04,-0.02,0.04,1.00,0.67,0.06,-0.73
2025-02-07,00:06:04,-0.02,0.04,1.00,0.00,0.00,-0.73
2025-02-07,00:06:05,-0.02,0.07,0.96,-3.42,0.12,1.34
2025-02-07,00:06:05,0.03,-0.45,0.65,193.36,-1.22,-6.29
2025-02-07,00:06:06,-0.00,0.05,1.00,7.08,-4.03,-10.13
2025-02-07,00:06:06,-0.22,0.18,0.54,100.10,198.12,29.42
2025-02-07,00:06:07,-0.06,0.01,-0.40,-38.09,140.32,40.83
2025-02-07,00:06:07,-0.45,0.43,-0.01,310.79,142.58,32.96
2025-02-07,00:06:08,-0.63,0.02,0.74,11.90,172.06,30.40
2025-02-07,00:06:08,-0.47,0.27,0.64,12.57,121.22,35.22
2025-02-07,00:06:09,-0.56,0.04,0.88,9.52,-15.38,-6.35
2025-02-07,00:06:09,-0.54,0.05,1.12,-85.45,-78.55,21.12
2025-02-07,00:06:10,0.87,-0.92,1.34,-45.72,41.75,185.73
2025-02-07,00:06:10,-0.25,0.80,0.73,-17.64,-27.65,-145.26
2025-02-07,00:06:11,1.24,-2.14,1.19,-20.39,13.61,124.21
2025-02-07,00:06:11,-0.83,1.95,0.51,-42.18,-3.48,-123.72
2025-02-07,00:06:12,0.99,-2.01,1.56,39.31,-12.15,-126.71
2025-02-07,00:06:12,-1.46,2.84,0.72,8.79,-12.63,-19.65
2025-02-07,00:06:13,0.62,-1.40,1.14,-7.75,-8.97,-146.18
2025-02-07,00:06:13,-1.58,2.84,0.54,29.79,5.74,84.17
2025-02-07,00:06:14,0.74,-1.24,1.08,-1.53,-29.17,-150.02
2025-02-07,00:06:14,-1.93,3.67,0.40,38.64,11.47,181.15
2025-02-07,00:06:15,0.41,-0.78,1.29,1.83,-11.78,-169.31
2025-02-07,00:06:15,-1.18,3.08,0.33,14.95,18.62,151.92
2025-02-07,00:06:16,0.60,-1.07,1.61,26.31,7.57,-157.47
2025-02-07,00:06:16,-0.33,1.80,1.50,19.04,51.64,417.66
2025-02-07,00:06:17,-0.00,-0.41,0.96,13.00,-88.01,-170.65
2025-02-07,00:06:17,0.80,0.22,1.32,-6.41,48.22,383.85
2025-02-07,00:06:18,-0.68,0.36,0.59,22.83,-53.41,-51.39
2025-02-07,00:06:19,-0.28,-0.62,1.32,-147.22,-93.81,48.83
2025-02-07,00:06:19,-0.02,-0.08,0.86,-12.88,-42.18,-40.83
2025-02-07,00:06:20,-0.01,0.02,1.00,0.55,0.92,-1.40
2025-02-07,00:06:20,-0.01,0.02,1.00,0.06,0.00,-0.79
2025-02-07,00:06:21,-0.01,0.02,1.00,0.12,-0.06,-0.73
2025-02-07,00:06:21,-0.01,0.02,1.00,0.06,-0.06,-0.79
2025-02-07,00:06:22,-0.01,0.02,1.00,0.06,0.00,-0.79
2025-02-07,00:06:22,-0.01,0.02,1.00,0.06,-0.06,-0.73
2025-02-07,00:06:23,-0.01,0.02,1.00,0.12,0.00,-0.79
2025-02-07,00:06:23,-0.01,0.02,1.00,0.06,0.00,-0.73
2025-02-07,00:06:24,-0.02,0.02,1.00,0.06,0.00,-0.73
2025-02-07,00:06:24,-0.01,0.02,1.00,0.06,0.00,-0.67
2025-02-07,00:06:25,-0.01,0.02,1.00,0.12,-0.06,-0.79
2025-02-07,00:06:25,-0.01,0.02,1.00,0.06,0.00,-0.79
2025-02-07,00:06:26,-0.01,0.02,1.00,0.12,-0.06,-0.73
2025-02-07,00:06:26,-0.01,0.02,1.00,0.06,0.00,-0.79
2025-02-07,00:06:27,-0.01,0.02,1.00,0.06,0.00,-0.79
2025-02-07,00:06:27,-0.01,0.02,1.00,0.06,0.00,-0.73
2025-02-07,00:06:28,-0.01,0.02,1.00,0.06,15.56,-0.73
2025-02-07,00:06:28,-0.01,0.02,1.00,0.12,0.00,-0.79
2025-02-07,00:06:29,-0.01,0.02,1.00,0.06,0.00,-0.79
2025-02-07,00:06:29,-0.01,0.02,1.00,0.06,0.00,-0.79
2025-02-07,00:06:30,-0.01,0.02,1.00,0.12,-0.06,-0.73
2025-02-07,00:06:30,-0.01,0.02,1.00,0.06,0.00,-0.79
2025-02-07,00:06:31,-0.01,0.02,1.00,0.12,-0.06,-0.79
2025-02-07,00:06:31,-0.01,0.02,1.00,0.06,0.00,-0.73
2025-02-07,00:06:32,-0.01,0.02,1.00,0.06,0.00,-0.73
2025-02-07,00:06:32,-0.01,0.02,1.00,0.06,0.00,-0.79
2025-02-07,00:06:33,-0.01,0.02,1.00,0.06,0.00,-0.73
2025-02-07,00:06:33,-0.01,0.02,1.00,0.06,0.00,-0.79
2025-02-07,00:06:34,-0.01,0.02,1.00,0.12,0.00,-0.73
2025-02-07,00:06:34,-0.01,0.02,1.00,0.06,0.00,-0.79
2025-02-07,00:06:35,-0.02,0.02,1.00,0.12,0.00,-0.73
2025-02-07,00:06:35,-0.01,0.02,1.00,0.12,0.00,-0.79
2025-02-07,00:06:36,-0.01,0.02,1.00,0.06,0.00,-0.73
2025-02-07,00:06:36,-0.02,0.02,1.00,0.12,-0.06,-0.73
2025-02-07,00:06:37,-0.01,0.02,1.00,0.06,-0.06,-0.79
2025-02-07,00:06:37,-0.01,0.02,1.00,0.06,0.00,-0.79
2025-02-07,00:06:38,-0.01,0.02,1.00,0.06,0.00,-0.79
2025-02-07,00:06:38,-0.01,0.02,1.00,0.12,0.00,-0.73
2025-02-07,00:06:39,-0.01,0.02,1.00,0.06,0.00,-0.79
2025-02-07,00:06:39,-0.01,0.02,1.00,0.06,-0.06,-0.73
2025-02-07,00:06:40,-0.01,0.02,1.00,0.06,0.00,-0.73
2025-02-07,00:06:40,-0.02,0.02,1.00,0.06,-0.06,-0.73
2025-02-07,00:06:41,-0.01,0.02,1.00,0.06,-0.06,-0.73
2025-02-07,00:06:41,-0.01,0.02,1.00,0.06,0.00,-0.79
2025-02-07,00:06:42,-0.01,0.02,1.00,0.06,0.00,-0.73
2025-02-07,00:06:42,-0.01,0.02,1.00,0.06,0.00,-0.73
2025-02-07,00:06:43,-0.01,0.02,1.00,0.06,0.00,-0.73
2025-02-07,00:06:43,-0.02,0.02,1.00,0.06,0.00,-0.73
2025-02-07,00:06:44,-0.02,0.02,1.00,0.06,-0.06,-0.73
2025-02-07,00:06:44,-0.01,0.02,1.00,0.06,0.00,-0.79
2025-02-07,00:06:45,-0.01,0.02,1.00,0.12,0.00,-0.67
2025-02-07,00:06:45,-0.01,0.02,1.00,0.06,0.00,-0.73
2025-02-07,00:06:46,-0.01,0.02,1.00,0.12,0.00,-0.79
2025-02-07,00:06:46,-0.01,0.02,1.00,0.12,0.00,-0.73
2025-02-07,00:06:47,-0.01,0.02,1.00,0.06,0.00,-0.73
2025-02-07,00:06:47,-0.01,0.02,1.00,0.06,-0.06,-0.85
2025-02-07,00:06:48,-0.02,0.03,1.01,0.49,0.00,-0.73
2025-02-07,00:06:48,-0.01,0.02,1.00,0.12,0.00,-0.79
2025-02-07,00:06:49,-0.02,0.02,1.00,0.06,0.00,-0.73
2025-02-07,00:06:49,-0.02,0.02,1.00,0.06,0.00,-0.79
2025-02-07,00:06:50,-0.01,0.02,1.00,0.12,0.00,-0.73
2025-02-07,00:06:50,-0.02,0.02,1.00,0.12,0.00,-0.73
2025-02-07,00:06:51,-0.02,0.02,1.00,0.06,0.00,-0.67
2025-02-07,00:06:51,-0.01,0.02,1.00,0.06,0.00,-0.67
2025-02-07,00:06:52,-0.01,0.02,1.00,0.06,-0.06,-0.79
2025-02-07,00:06:52,-0.01,0.02,1.00,0.06,0.00,-0.73
2025-02-07,00:06:53,-0.01,0.02,1.00,0.06,0.00,-0.79
2025-02-07,00:06:53,-0.01,0.02,1.00,0.06,0.00,-0.79
2025-02-07,00:06:54,-0.01,0.02,1.00,0.12,0.00,-0.79
2025-02-07,00:06:54,-0.01,0.02,1.00,0.06,0.00,-0.73
2025-02-07,00:06:55,-0.01,0.02,1.00,0.06,-0.06,-0.73
2025-02-07,00:06:55,-0.01,0.02,1.00,0.06,0.00,-0.73
2025-02-07,00:06:56,-0.01,0.02,1.00,0.12,0.00,-0.79
2025-02-07,00:06:56,-0.01,0.02,1.00,0.06,0.00,-0.73
2025-02-07,00:06:57,-0.02,0.02,1.00,0.12,-0.06,-0.73
2025-02-07,00:06:57,0.15,0.56,1.00,48.65,-44.80,24.54
2025-02-07,00:06:58,-0.70,0.29,0.74,-9.16,13.73,12.33
2025-02-07,00:06:58,0.42,-1.51,1.32,28.75,-64.21,-150.21
2025-02-07,00:06:59,-0.05,0.31,0.49,4.39,82.28,232.30
2025-02-07,00:06:59,-0.19,2.02,0.79,-23.07,-37.05,-124.21
2025-02-07,00:07:00,0.57,-1.31,1.32,9.16,-1.10,-168.40
2025-02-07,00:07:00,0.94,-1.84,1.06,-20.63,14.28,157.84
2025-02-07,00:07:01,0.16,0.00,1.96,-36.19,171.81,12.45
2025-02-07,00:07:01,0.65,-0.22,-1.54,21.00,8.12,18.62
2025-02-07,00:07:02,0.23,0.10,1.48,13.06,-212.77,36.56
2025-02-07,00:07:02,-0.62,0.63,3.44,-7.14,116.27,-4.70
2025-02-07,00:07:03,0.46,-0.19,-0.92,-10.56,128.97,-44.74
2025-02-07,00:07:03,0.77,0.05,0.30,66.83,-158.57,41.99
2025-02-07,00:07:04,-0.89,0.77,3.98,-29.05,11.84,-20.75
2025-02-07,00:07:04,0.08,0.33,0.40,-32.35,181.21,-56.09
2025-02-07,00:07:05,0.62,-0.03,-1.32,28.81,-164.79,36.38
2025-02-07,00:07:05,-1.59,1.51,3.98,-19.29,-50.90,-37.48
2025-02-07,00:07:06,0.15,0.20,0.39,-20.32,224.24,-60.73
2025-02-07,00:07:06,0.78,-0.14,-1.26,45.41,-91.13,118.04
2025-02-07,00:07:07,-0.98,1.24,3.05,12.33,-118.23,45.29
2025-02-07,00:07:07,-0.51,1.04,0.44,-100.83,-18.01,37.72
2025-02-07,00:07:08,0.03,0.35,0.96,-26.73,-4.21,-21.97
2025-02-07,00:07:08,-0.01,0.07,1.00,0.06,-0.06,-0.73
2025-02-07,00:07:09,-0.01,0.07,1.00,0.06,0.00,-0.73
2025-02-07,00:07:09,-0.03,0.06,1.00,-0.06,-0.12,-0.67
2025-02-07,00:07:10,-0.00,0.06,1.00,0.00,0.00,-0.67
2025-02-07,00:07:10,-0.01,0.06,1.00,0.06,0.00,-0.73
2025-02-07,00:07:11,-0.01,0.06,1.00,0.12,0.00,-0.73
2025-02-07,00:07:11,-0.01,0.06,1.00,0.06,0.00,-0.73
2025-02-07,00:07:12,-0.01,0.06,1.00,0.06,0.00,-0.73
2025-02-07,00:07:12,-0.01,0.06,1.00,0.06,0.00,-0.73
2025-02-07,00:07:13,-0.01,0.06,1.00,0.06,0.00,-0.79
2025-02-07,00:07:13,-0.01,0.06,1.00,0.06,0.00,-0.73
2025-02-07,00:07:14,-0.01,0.06,1.00,0.06,0.00,-0.73
2025-02-07,00:07:14,-0.01,0.06,1.00,0.06,0.00,-0.73
2025-02-07,00:07:15,-0.01,0.06,1.00,0.06,-0.06,-0.73
2025-02-07,00:07:15,-0.01,0.06,1.00,0.06,-0.06,-0.79
2025-02-07,00:07:16,-0.01,0.06,1.00,0.06,0.00,-0.73
2025-02-07,00:07:16,-0.01,0.06,1.00,0.06,0.00,-0.79
2025-02-07,00:07:17,-0.01,0.06,1.00,0.06,-0.06,-0.73
2025-02-07,00:07:17,-0.01,0.06,1.00,0.12,0.00,-0.79
2025-02-07,00:07:18,-0.01,0.06,1.00,0.06,0.00,-0.73
2025-02-07,00:07:18,-0.01,0.06,1.00,0.06,0.00,-0.79
2025-02-07,00:07:19,-0.01,0.06,1.00,0.06,0.00,-0.73
2025-02-07,00:07:19,-0.01,0.06,1.00,0.06,0.00,-0.73
2025-02-07,00:07:20,-0.01,0.06,1.00,0.06,0.00,-0.73
2025-02-07,00:07:20,-0.01,0.06,1.00,0.06,0.00,-0.73
2025-02-07,00:07:21,-0.04,0.18,0.93,-60.67,3.48,-2.26
2025-02-07,00:07:22,-0.38,-0.48,1.57,173.89,-65.92,41.32
2025-02-07,00:07:22,-0.39,0.22,0.99,-6.29,9.52,4.70
2025-02-07,00:07:23,0.22,0.43,0.46,-31.92,147.22,-26.79
2025-02-07,00:07:23,-0.76,0.46,3.18,48.40,-252.81,-10.80
2025-02-07,00:07:24,0.57,0.03,-1.02,-8.54,70.25,-26.98
2025-02-07,00:07:24,-0.55,-0.92,0.72,27.89,35.77,18.01
2025-02-07,00:07:25,-0.09,2.04,0.76,-5.31,3.85,-4.88
2025-02-07,00:07:25,-0.75,-1.38,1.89,10.31,-19.96,-30.03
2025-02-07,00:07:26,-0.64,-0.26,0.51,19.47,14.77,49.56
2025-02-07,00:07:26,0.19,1.34,0.38,-33.51,-9.40,6.77
2025-02-07,00:07:27,-2.25,-0.99,0.73,91.25,53.71,3.17
2025-02-07,00:07:27,0.07,0.96,0.90,12.27,-3.54,-8.12
2025-02-07,00:07:28,-0.21,0.59,0.97,7.32,18.55,29.85
2025-02-07,00:07:28,-0.00,-1.40,1.14,-24.11,52.19,-1.95
2025-02-07,00:07:29,-0.33,0.24,0.81,-0.06,8.67,-11.54
2025-02-07,00:07:29,-0.29,0.12,0.69,-0.24,117.92,-6.23
2025-02-07,00:07:30,-0.32,-0.00,0.97,-8.54,-72.39,3.23
2025-02-07,00:07:30,-0.19,0.23,1.07,-7.75,-7.51,-0.49
2025-02-07,00:07:31,-0.16,0.21,0.86,7.14,9.22,-1.59
2025-02-07,00:07:31,-0.09,0.20,1.07,-14.65,-6.59,2.56
2025-02-07,00:07:32,-0.05,0.11,1.00,22.28,5.13,-9.52
2025-02-07,00:07:32,-0.15,-0.56,1.14,-56.82,0.43,48.58
2025-02-07,00:07:33,-0.17,0.50,1.02,1.53,36.62,-52.25
2025-02-07,00:07:33,-0.16,-0.46,0.74,-18.86,19.71,17.88
2025-02-07,00:07:34,0.22,0.10,0.61,16.97,8.12,54.99
2025-02-07,00:07:34,-0.33,0.40,1.02,2.38,-3.11,-118.71
2025-02-07,00:07:35,-0.35,-0.14,1.04,-21.97,-35.83,40.47
2025-02-07,00:07:35,0.01,0.20,1.26,-13.31,-24.23,56.27
2025-02-07,00:07:36,-0.35,0.24,0.89,-10.68,21.12,-23.80
2025-02-07,00:07:36,-0.17,0.25,1.31,2.32,-9.46,4.09
2025-02-07,00:07:37,-0.51,0.53,0.65,-26.25,-28.99,-22.09
2025-02-07,00:07:37,-0.27,0.04,0.52,2.44,-22.52,30.70
2025-02-07,00:07:38,-0.09,-0.07,1.05,0.55,6.29,38.57
2025-02-07,00:07:38,-0.14,0.29,1.21,18.19,23.56,-6.47
2025-02-07,00:07:39,-0.56,0.31,0.15,9.40,24.23,-22.64
2025-02-07,00:07:39,-0.30,-0.37,1.14,-24.84,-25.70,-27.40
2025-02-07,00:07:40,-0.13,-0.02,1.32,-3.48,-8.97,26.73
2025-02-07,00:07:40,-0.17,0.46,1.16,1.10,-8.61,-0.73
2025-02-07,00:07:41,-0.52,0.26,0.13,20.26,77.33,-36.74
2025-02-07,00:07:41,-0.37,0.31,0.76,88.62,-66.59,-118.84
2025-02-07,00:07:42,-0.16,0.16,1.04,-47.67,-13.61,-11.11
2025-02-07,00:07:42,-0.05,0.75,0.55,27.40,14.77,48.77
2025-02-07,00:07:43,-0.39,0.67,0.63,94.42,61.77,-82.09
2025-02-07,00:07:43,-0.51,0.47,0.49,-27.77,-70.25,-38.27
2025-02-07,00:07:44,-0.22,0.12,1.17,-19.47,-34.18,13.98
2025-02-07,00:07:44,-0.18,0.55,1.13,70.07,46.81,47.06
2025-02-07,00:07:45,-0.48,0.60,0.35,-8.24,-36.38,-86.30
2025-02-07,00:07:45,-0.29,0.17,0.70,-23.93,-26.12,7.69
2025-02-07,00:07:46,-0.10,0.28,1.15,25.94,12.45,57.80
2025-02-07,00:07:46,-0.23,1.17,0.24,71.72,34.36,-69.82
2025-02-07,00:07:47,-0.45,0.25,0.53,-21.18,-60.00,-43.95
2025-02-07,00:07:47,-0.15,0.11,0.84,15.08,-52.92,64.15
2025-02-07,00:07:48,-0.01,0.68,0.93,93.69,30.82,6.23
2025-02-07,00:07:48,-0.07,0.86,0.83,-15.20,38.57,-10.62
2025-02-07,00:07:49,-0.59,0.40,-0.19,4.27,-44.74,-76.97
2025-02-07,00:07:49,-0.18,-0.02,0.93,-10.31,-113.89,68.12
2025-02-07,00:07:50,-0.25,1.06,0.68,107.67,52.25,-16.85
2025-02-07,00:07:50,-0.52,0.33,0.32,-44.56,-82.82,-48.71
2025-02-07,00:07:51,-0.23,0.38,1.12,17.88,-8.42,77.76
2025-02-07,00:07:51,-0.34,0.82,-0.06,10.62,26.49,-74.10
2025-02-07,00:07:52,-0.15,0.22,1.11,-41.44,-72.08,-34.85
2025-02-07,00:07:52,0.01,0.69,1.11,72.69,43.82,106.32
2025-02-07,00:07:53,-0.41,0.70,0.19,-37.78,-64.33,-137.88
2025-02-07,00:07:53,-0.16,-0.06,1.35,26.00,-47.49,93.14
2025-02-07,00:07:54,0.16,0.27,1.00,-42.05,-34.79,0.43
2025-02-07,00:07:54,-0.01,0.02,0.97,30.15,6.47,16.85
2025-02-07,00:07:55,0.02,0.04,1.00,-0.06,0.18,-0.73
2025-02-07,00:07:55,0.02,0.03,1.00,0.06,0.12,-0.67
2025-02-07,00:07:56,0.03,0.04,1.00,0.00,0.06,-0.79
2025-02-07,00:07:56,0.03,0.03,1.00,0.12,0.06,-0.73
2025-02-07,00:07:57,0.02,0.03,1.00,0.06,0.06,-0.73
2025-02-07,00:07:57,0.02,0.03,1.00,0.06,0.00,-0.73
2025-02-07,00:07:58,0.02,0.03,1.00,0.06,0.00,-0.73
2025-02-07,00:07:58,0.02,0.04,1.00,0.06,0.00,-0.73
2025-02-07,00:07:59,0.02,0.04,1.00,0.12,0.00,-0.73
2025-02-07,00:07:59,0.02,0.04,1.00,0.12,0.06,-0.73
2025-02-07,00:08:00,0.02,0.04,1.00,0.06,0.00,-0.79
2025-02-07,00:08:00,0.02,0.04,1.00,0.06,0.00,-0.73
2025-02-07,00:08:01,0.02,0.04,1.00,0.06,0.00,-0.79
2025-02-07,00:08:01,0.02,0.04,1.00,0.06,0.00,-0.73
2025-02-07,00:08:02,0.02,0.03,1.00,0.06,0.00,-0.73
2025-02-07,00:08:02,0.02,0.03,1.00,0.06,0.06,-0.73
2025-02-07,00:08:03,0.02,0.04,1.00,0.06,0.00,-0.73
2025-02-07,00:08:03,0.02,0.04,1.00,0.12,-0.06,-0.73
2025-02-07,00:08:04,0.02,0.04,1.00,0.12,0.00,-0.79
2025-02-07,00:08:04,0.02,0.04,1.00,0.06,0.00,-0.73
2025-02-07,00:08:05,0.02,0.03,1.00,0.06,0.00,-0.73
2025-02-07,00:08:05,0.02,0.04,1.00,0.06,0.00,-0.79
2025-02-07,00:08:06,0.02,0.04,1.00,0.06,-0.06,-0.73
2025-02-07,00:08:06,0.02,0.04,1.00,0.12,-0.06,-0.73
2025-02-07,00:08:07,0.02,0.04,1.00,0.06,-0.06,-0.73
2025-02-07,00:08:07,0.02,0.03,1.00,0.06,0.00,-0.73
2025-02-07,00:08:08,0.02,0.04,1.00,0.06,0.00,-0.79
2025-02-07,00:08:08,0.02,0.04,1.00,0.12,-0.06,-0.79
2025-02-07,00:08:09,0.02,0.04,1.00,0.06,15.56,-0.73
2025-02-07,00:08:09,0.02,0.04,1.00,0.12,0.00,-0.79
2025-02-07,00:08:10,0.02,0.04,1.00,0.06,0.00,-0.73
2025-02-07,00:08:10,0.02,0.04,1.00,0.12,0.00,-0.73
2025-02-07,00:08:11,0.02,0.04,1.00,0.12,0.00,-0.79
2025-02-07,00:08:11,0.02,0.04,1.00,0.12,-0.06,-0.73
2025-02-07,00:08:12,0.02,0.04,1.00,0.06,0.00,-0.79
2025-02-07,00:08:12,0.02,0.04,1.00,0.06,-0.06,-0.79
2025-02-07,00:08:13,0.02,0.04,1.00,0.12,0.00,-0.73
2025-02-07,00:08:13,0.02,0.04,1.00,0.12,0.00,-0.73
2025-02-07,00:08:14,0.02,0.04,1.00,0.06,-0.06,-0.73
2025-02-07,00:08:14,0.02,0.04,1.00,0.06,0.00,-0.79
2025-02-07,00:08:15,0.02,0.04,1.00,0.06,-0.06,-0.79
2025-02-07,00:08:15,0.02,0.04,1.00,0.12,0.00,-0.79
2025-02-07,00:08:16,0.02,0.04,1.00,0.12,-0.06,-0.73
2025-02-07,00:08:16,0.02,0.04,1.00,0.06,0.00,-0.73
2025-02-07,00:08:17,0.02,0.04,1.00,0.06,0.00,-0.79
2025-02-07,00:08:17,0.02,0.04,1.00,0.06,0.00,-0.79
2025-02-07,00:08:18,0.02,0.04,1.00,0.06,-0.06,-0.73
2025-02-07,00:08:18,0.02,0.03,1.00,0.06,0.00,-0.79
2025-02-07,00:08:19,0.02,0.04,1.00,0.06,0.00,-0.73
2025-02-07,00:08:19,0.02,0.04,1.00,0.06,-0.06,-0.73
2025-02-07,00:08:20,0.02,0.04,1.00,0.12,-0.06,-0.79
2025-02-07,00:08:20,0.02,0.04,1.00,0.06,0.00,-0.79
2025-02-07,00:08:21,0.02,0.03,1.00,0.06,0.00,-0.73
2025-02-07,00:08:21,0.02,0.04,1.00,0.12,0.00,-0.73
2025-02-07,00:08:22,0.02,0.04,1.00,0.06,0.00,-0.73
2025-02-07,00:08:22,0.02,0.04,1.00,0.06,0.00,-0.73
2025-02-07,00:08:23,0.02,0.04,1.00,0.06,0.00,-0.73
2025-02-07,00:08:23,0.02,0.04,1.00,0.12,-0.06,-0.73
2025-02-07,00:08:24,0.02,0.04,1.00,0.06,0.00,-0.73
2025-02-07,00:08:25,0.02,0.04,1.00,0.00,0.00,-0.73
2025-02-07,00:08:25,0.02,0.04,1.00,0.06,0.00,-0.79
2025-02-07,00:08:26,0.02,0.04,1.00,0.12,0.00,-0.73
2025-02-07,00:08:26,0.02,0.04,1.00,0.06,0.00,-0.73
2025-02-07,00:08:27,0.02,0.04,1.00,0.12,0.00,-0.73
2025-02-07,00:08:27,0.02,0.04,1.00,0.06,0.00,-0.73
2025-02-07,00:08:28,0.02,0.04,1.00,0.06,0.00,-0.73
2025-02-07,00:08:28,0.02,0.04,1.00,0.06,0.00,-0.73
2025-02-07,00:08:29,0.02,0.03,1.00,0.06,0.00,-0.73
2025-02-07,00:08:29,0.02,0.04,1.00,0.06,0.00,-0.79
2025-02-07,00:08:30,0.02,0.03,1.00,0.06,-0.06,-0.79
2025-02-07,00:08:30,0.02,0.04,1.00,0.06,0.00,-0.73
2025-02-07,00:08:31,0.02,0.04,1.00,-0.24,0.43,-0.73
2025-02-07,00:08:31,0.01,0.04,1.00,0.00,0.00,-0.79
2025-02-07,00:08:32,0.02,0.04,1.00,0.12,0.00,-0.73
2025-02-07,00:08:32,0.02,0.04,1.00,0.31,0.00,-0.67
2025-02-07,00:08:33,-0.33,0.09,0.46,7.69,29.54,-31.07
2025-02-07,00:08:33,-0.58,0.06,0.77,52.43,-124.45,-15.38
2025-02-07,00:08:34,-0.06,-0.07,1.07,-37.29,-125.92,-144.29
2025-02-07,00:08:34,0.60,-1.16,1.56,18.98,45.35,84.90
2025-02-07,00:08:35,0.71,0.93,0.42,31.19,50.35,104.06
2025-02-07,00:08:35,-0.42,1.91,0.64,-15.20,38.27,52.86
2025-02-07,00:08:36,0.42,-0.25,-1.20,9.46,-17.76,2.56
2025-02-07,00:08:36,-0.43,0.33,0.69,32.10,-0.18,-16.42
2025-02-07,00:08:37,-0.08,0.10,0.85,-23.93,-24.78,4.52
2025-02-07,00:08:37,1.00,-0.24,0.99,-27.34,32.23,81.12
2025-02-07,00:08:38,-0.88,-0.30,1.17,-4.82,47.85,-18.13
2025-02-07,00:08:38,-1.78,-0.06,0.81,-39.49,15.81,-52.19
2025-02-07,00:08:39,-0.70,1.14,0.29,-33.51,-29.79,-80.02
2025-02-07,00:08:39,-0.86,-0.32,0.73,-67.99,-65.31,-148.13
2025-02-07,00:08:40,-0.56,0.63,1.24,12.15,-18.74,24.48
2025-02-07,00:08:40,0.08,-0.10,0.55,-12.51,-28.26,118.59
2025-02-07,00:08:41,0.58,0.39,0.19,43.70,-66.71,0.98
2025-02-07,00:08:41,-1.16,0.83,1.32,-3.78,-51.27,-15.08
2025-02-07,00:08:42,-1.13,0.84,0.94,-42.30,-57.13,100.10
2025-02-07,00:08:42,0.29,0.75,0.79,-28.56,38.27,54.57
2025-02-07,00:08:43,0.61,-0.27,1.31,25.21,21.61,45.65
2025-02-07,00:08:43,0.54,-0.69,1.22,2.32,13.79,-24.72
2025-02-07,00:08:44,0.81,-0.01,0.58,27.04,69.82,48.65
2025-02-07,00:08:44,0.09,0.03,0.42,9.40,51.76,48.03
2025-02-07,00:08:45,-1.72,0.67,0.83,26.73,58.35,79.41
2025-02-07,00:08:45,-0.49,0.14,0.96,0.98,-4.58,7.81
2025-02-07,00:08:46,-0.37,0.92,0.79,6.04,33.57,43.82
2025-02-07,00:08:46,0.55,-0.17,0.92,8.79,14.40,108.52
2025-02-07,00:08:47,-0.68,-0.22,0.88,2.01,-79.83,-74.71
2025-02-07,00:08:47,-0.39,-0.19,0.97,1.53,27.77,16.91
2025-02-07,00:08:48,-0.30,0.19,1.04,10.38,-52.55,-48.46
2025-02-07,00:08:48,0.02,0.02,1.00,0.06,0.06,-0.73
2025-02-07,00:08:49,0.01,0.02,1.00,0.12,0.06,-0.73
2025-02-07,00:08:49,0.02,0.03,1.00,0.06,-0.12,-0.73
2025-02-07,00:08:50,0.02,0.01,1.00,0.06,0.00,-0.73
2025-02-07,00:08:50,0.01,0.02,1.00,0.00,0.00,-0.73
2025-02-07,00:08:51,0.01,0.02,1.00,0.12,-0.06,-0.73
2025-02-07,00:08:51,0.01,0.02,1.00,0.06,0.00,-0.79
2025-02-07,00:08:52,0.01,0.02,1.00,0.06,0.00,-0.73
2025-02-07,00:08:52,0.01,0.02,1.00,0.12,0.06,-0.73
2025-02-07,00:08:53,0.01,0.02,1.00,0.06,0.00,-0.73
2025-02-07,00:08:53,0.01,0.02,1.00,0.12,0.00,-0.73
2025-02-07,00:08:54,0.01,0.02,1.00,0.06,0.00,-0.73
2025-02-07,00:08:54,0.01,0.02,1.00,0.12,0.00,-0.73
2025-02-07,00:08:55,0.01,0.02,1.00,0.12,0.00,-0.73
2025-02-07,00:08:55,0.01,0.02,1.00,0.06,0.00,-0.73
2025-02-07,00:08:56,0.01,0.02,1.00,0.06,0.00,-0.73
2025-02-07,00:08:56,0.01,0.02,1.00,0.06,0.00,-0.79
2025-02-07,00:08:57,0.01,0.02,1.00,0.06,0.00,-0.73
2025-02-07,00:08:57,0.01,0.02,1.00,0.06,0.00,-0.73
2025-02-07,00:08:58,0.01,0.02,1.00,0.06,0.00,-0.73
2025-02-07,00:08:58,0.01,0.02,1.00,0.00,0.00,-0.73
2025-02-07,00:08:59,0.01,0.02,1.00,0.06,0.00,-0.73
2025-02-07,00:08:59,0.01,0.02,1.00,0.06,0.00,-0.73
2025-02-07,00:09:00,0.01,0.02,1.00,0.06,0.00,-0.79
2025-02-07,00:09:00,0.01,0.02,1.00,0.18,0.06,-0.67
2025-02-07,00:09:01,0.01,0.02,1.00,0.06,0.00,-0.73
2025-02-07,00:09:01,0.01,0.02,1.00,0.12,0.00,-0.73
2025-02-07,00:09:02,0.01,0.02,1.00,0.06,0.00,-0.79
2025-02-07,00:09:02,0.01,0.02,1.00,0.06,0.00,-0.73
2025-02-07,00:09:03,0.01,0.02,1.00,0.12,0.00,-0.73
2025-02-07,00:09:03,0.01,0.02,1.00,0.06,0.00,-0.73
2025-02-07,00:09:04,0.01,0.02,1.00,0.06,0.00,-0.73
2025-02-07,00:09:04,0.01,0.02,1.00,0.12,0.06,-0.73
2025-02-07,00:09:05,0.22,0.08,1.00,-0.92,-8.00,-9.58
2025-02-07,00:09:05,-0.09,0.56,0.90,-18.55,92.16,14.40
2025-02-07,00:09:06,0.45,0.63,0.18,-16.54,-150.15,-129.52
2025-02-07,00:09:06,0.06,0.75,0.91,53.96,106.81,115.54
2025-02-07,00:09:07,-0.25,0.23,0.70,-0.55,-131.29,-37.60
2025-02-07,00:09:07,1.53,0.16,0.34,13.61,80.26,138.00
2025-02-07,00:09:08,-1.83,0.62,0.63,-12.45,-101.56,-86.30
2025-02-07,00:09:08,1.79,0.01,0.37,-10.62,122.68,118.59
2025-02-07,00:09:09,-2.70,0.73,0.91,-12.21,17.21,-120.79
2025-02-07,00:09:09,2.74,-0.09,1.08,27.40,1.53,74.34
2025-02-07,00:09:10,-2.35,0.69,0.53,16.48,-2.87,-90.58
2025-02-07,00:09:10,2.54,0.26,1.00,-24.84,98.82,59.63
2025-02-07,00:09:11,-1.71,0.68,0.20,20.75,-57.13,-153.75
2025-02-07,00:09:11,0.59,0.43,0.81,-8.30,119.93,112.73
2025-02-07,00:09:12,-0.40,0.57,0.43,-26.18,-56.82,-25.51
2025-02-07,00:09:12,-0.25,0.30,1.01,53.89,-75.20,-76.05
2025-02-07,00:09:13,0.01,0.28,0.90,-31.13,27.04,-7.69
2025-02-07,00:09:13,0.02,0.02,1.03,-18.80,-0.67,0.73
2025-02-07,00:09:14,-0.01,0.10,0.99,0.79,0.00,-0.73
2025-02-07,00:09:14,0.03,0.09,1.00,8.54,0.43,1.22
2025-02-07,00:09:15,-0.03,0.10,0.98,-0.49,0.12,-0.98
2025-02-07,00:09:15,0.03,0.02,0.98,49.44,9.89,-8.42
2025-02-07,00:09:16,-0.02,0.04,0.99,4.15,-1.46,-8.36
2025-02-07,00:09:16,-0.07,0.04,1.10,-0.55,-0.55,-6.90
2025-02-07,00:09:17,-0.01,0.03,1.01,0.12,-0.06,-0.98
2025-02-07,00:09:17,-0.02,0.05,1.00,0.06,0.12,-0.73
2025-02-07,00:09:18,-0.02,0.05,1.00,0.06,0.00,-0.85
2025-02-07,00:09:18,-0.01,0.05,1.00,0.06,0.00,-0.79
2025-02-07,00:09:19,-0.01,0.05,1.00,0.06,-0.06,-0.79
2025-02-07,00:09:19,-0.01,0.05,1.00,0.06,0.00,-0.73
2025-02-07,00:09:20,-0.01,0.05,1.00,0.12,-0.06,-0.73
2025-02-07,00:09:20,-0.01,0.05,1.00,0.06,0.00,-0.73
2025-02-07,00:09:21,0.00,0.02,0.97,-0.43,0.73,0.37
2025-02-07,00:09:21,-0.01,0.05,1.00,0.12,0.00,-0.67
2025-02-07,00:09:22,-0.01,0.05,1.00,0.12,0.00,-0.73
2025-02-07,00:09:22,-0.01,0.05,1.00,0.06,0.06,-0.73
2025-02-07,00:09:23,-0.01,0.05,1.00,0.06,0.00,-0.73
2025-02-07,00:09:23,-0.01,0.05,1.00,0.12,0.00,-0.73
2025-02-07,00:09:24,-0.01,0.05,1.00,0.06,0.00,-0.73
2025-02-07,00:09:24,-0.01,0.05,1.00,0.06,0.00,-0.73
2025-02-07,00:09:25,-0.01,0.05,1.00,0.06,-0.06,-0.73
2025-02-07,00:09:25,-0.01,0.05,1.00,0.06,0.00,-0.73
2025-02-07,00:09:26,-0.01,0.05,1.00,0.06,0.06,-0.67
2025-02-07,00:09:26,-0.01,0.05,1.00,0.12,0.00,-0.73
2025-02-07,00:09:27,-0.01,0.05,1.00,0.06,-0.06,-0.73
2025-02-07,00:09:28,-0.01,0.05,1.00,0.06,0.00,-0.73
2025-02-07,00:09:28,-0.15,0.13,0.72,5.92,32.47,-49.07
2025-02-07,00:09:29,0.51,0.26,0.77,43.52,95.34,178.41
2025-02-07,00:09:29,1.85,-0.13,0.80,9.40,97.53,201.23
2025-02-07,00:09:30,1.55,0.11,1.03,-16.24,116.09,233.52
2025-02-07,00:09:30,1.43,0.12,0.95,17.64,88.50,235.17
2025-02-07,00:09:31,0.62,0.28,0.98,-0.37,87.65,249.88
2025-02-07,00:09:31,-1.15,0.74,0.96,-2.81,96.31,286.38
2025-02-07,00:09:32,-1.33,0.68,0.84,-16.24,106.69,255.74
2025-02-07,00:09:32,-2.24,1.08,-0.08,-4.88,126.95,254.64
2025-02-07,00:09:33,-1.25,0.26,0.11,-27.47,2.81,115.05
2025-02-07,00:09:33,1.12,0.35,1.40,117.31,-91.43,33.75
2025-02-07,00:09:34,-0.19,0.94,0.08,45.96,3.11,43.21
2025-02-07,00:09:34,-0.49,0.03,1.37,27.34,-86.73,-340.58
2025-02-07,00:09:35,-0.72,0.15,1.03,2.32,-6.84,247.31
2025-02-07,00:09:35,-1.61,0.94,0.46,-27.77,-109.92,-137.02
2025-02-07,00:09:36,-1.40,0.35,0.76,-11.72,39.00,33.51
2025-02-07,00:09:36,-1.17,0.33,0.85,-29.91,77.70,21.97
2025-02-07,00:09:37,-1.16,0.20,0.55,-29.85,57.62,8.12
2025-02-07,00:09:37,-0.81,0.03,0.93,-26.00,32.10,41.69
2025-02-07,00:09:38,-0.33,0.12,0.85,158.02,-67.99,-59.81
2025-02-07,00:09:38,-0.04,0.13,1.01,41.14,-0.31,-21.61
2025-02-07,00:09:39,-0.01,0.02,1.00,0.06,0.00,-0.73
2025-02-07,00:09:39,-0.01,0.02,1.00,0.06,-0.12,-0.79
2025-02-07,00:09:40,-0.01,0.02,1.00,0.06,-0.06,-0.67
2025-02-07,00:09:40,-0.01,0.02,1.00,0.06,0.00,-0.73
2025-02-07,00:09:41,-0.01,0.02,1.00,0.12,0.06,-0.67
2025-02-07,00:09:41,-0.01,0.02,1.00,0.12,0.00,-0.73
2025-02-07,00:09:42,-0.01,0.02,1.00,0.06,0.00,-0.79
2025-02-07,00:09:42,-0.01,0.02,1.00,0.06,0.00,-0.73
2025-02-07,00:09:43,-0.01,0.02,1.00,0.06,0.00,-0.73
2025-02-07,00:09:43,-0.01,0.02,1.00,0.06,-0.06,-0.73
2025-02-07,00:09:44,-0.01,0.02,1.00,0.00,0.00,-0.73
2025-02-07,00:09:44,-0.01,0.02,1.00,0.06,-0.18,-0.85
2025-02-07,00:09:45,-0.01,0.02,1.00,0.06,-0.06,-0.79
2025-02-07,00:09:45,-0.01,0.02,1.00,0.06,-0.06,-0.73
2025-02-07,00:09:46,-0.01,0.02,1.00,0.12,0.00,-0.73
2025-02-07,00:09:46,-0.01,0.02,1.00,0.06,0.00,-0.73
2025-02-07,00:09:47,-0.01,0.02,1.00,0.00,-0.37,-0.85
2025-02-07,00:09:47,-0.01,0.02,1.00,0.06,0.00,-0.67
2025-02-07,00:09:48,-0.01,0.02,1.00,0.06,0.00,-0.73
2025-02-07,00:09:48,-0.01,0.02,1.00,0.06,0.00,-0.73
2025-02-07,00:09:49,-0.01,0.02,1.00,0.06,0.00,-0.79
2025-02-07,00:09:49,-0.01,0.02,1.00,0.06,0.00,-0.73
2025-02-07,00:09:50,-0.01,0.02,1.00,0.12,-0.06,-0.73
2025-02-07,00:09:50,-0.01,0.02,1.00,0.12,-0.06,-0.67
2025-02-07,00:09:51,-0.01,0.02,1.00,0.06,0.00,-0.73
2025-02-07,00:09:51,-0.01,0.02,1.00,0.06,0.00,-0.73
2025-02-07,00:09:52,-0.01,0.02,1.00,0.06,0.00,-0.73
2025-02-07,00:09:52,-0.01,0.02,1.00,0.06,0.00,-0.73
2025-02-07,00:09:53,-0.01,0.02,1.00,0.06,0.00,-0.73
2025-02-07,00:09:53,-0.01,0.02,1.00,0.12,0.06,-0.73
2025-02-07,00:09:54,-0.01,0.02,1.00,0.06,0.00,-0.73
2025-02-07,00:09:54,-0.01,0.02,1.00,0.06,0.00,-0.73
2025-02-07,00:09:55,-0.01,0.02,1.00,0.06,0.00,-0.73
2025-02-07,00:09:55,-0.01,0.02,1.00,0.06,0.06,-0.73
2025-02-07,00:09:56,-0.01,0.02,1.00,0.06,0.00,-0.79
2025-02-07,00:09:56,-0.01,0.02,1.00,0.12,0.00,-0.73
2025-02-07,00:09:57,-0.01,0.02,1.00,0.06,0.00,-0.67
2025-02-07,00:09:57,-0.01,0.02,1.00,0.06,0.00,-0.73
2025-02-07,00:09:58,-0.01,0.02,1.00,0.00,-0.06,-0.73
2025-02-07,00:09:58,-0.01,0.02,1.00,0.06,0.00,-0.73
2025-02-07,00:09:59,-0.01,0.02,1.00,0.06,-0.06,-0.73
2025-02-07,00:09:59,-0.01,0.02,1.00,0.06,0.00,-0.73
2025-02-07,00:10:00,-0.01,0.02,1.00,0.06,0.00,-0.73
2025-02-07,00:10:00,-0.01,0.02,1.00,0.06,0.00,-0.73